Date,below_Wickiup_Res,BENO,CENO,ARNO,HeadOfPark,LAPO
2026-07-22 04:15,1300.00,0.0,438.00,47.80,-485.8,67.50
2026-07-22 04:30,1300.00,0.0,438.00,47.80,-485.8,67.50
2026-07-22 04:45,1300.00,1540.00,438.00,47.80,946.4,67.50
2026-07-22 05:00,1300.00,1540.00,438.00,47.80,946.4,67.50
2026-07-22 05:15,1300.00,1540.00,438.00,47.80,946.4,67.50
2026-07-22 05:30,1300.00,1540.00,438.00,47.80,946.4,67.50
2026-07-22 05:45,1300.00,1540.00,438.00,47.80,946.4,67.50
2026-07-22 06:00,1300.00,1540.00,438.00,47.80,946.4,67.50
2026-07-22 06:15,1300.00,1540.00,435.00,47.80,949.4,67.50
2026-07-22 06:30,1300.00,1540.00,435.00,47.80,949.4,67.50
2026-07-22 06:45,1300.00,1540.00,435.00,47.80,949.4,67.50
2026-07-22 07:00,1300.00,1540.00,435.00,47.80,949.4,67.50
2026-07-22 07:15,1300.00,1540.00,435.00,47.80,949.4,67.50
2026-07-22 07:30,1300.00,1540.00,435.00,47.80,949.4,67.50
2026-07-22 07:45,1300.00,1540.00,435.00,47.80,949.4,67.50
2026-07-22 08:00,1300.00,1540.00,438.00,47.80,946.4,67.50
2026-07-22 08:15,1300.00,1540.00,441.00,48.40,942.8,67.50
2026-07-22 08:30,1300.00,1540.00,435.00,48.40,948.8,67.50
2026-07-22 08:45,1300.00,1540.00,438.00,48.40,945.8,67.50
2026-07-22 09:00,1300.00,1540.00,438.00,48.40,945.8,66.70
2026-07-22 09:15,1300.00,1540.00,438.00,48.40,945.8,66.70
2026-07-22 09:30,1300.00,1540.00,438.00,48.40,945.8,66.70
2026-07-22 09:45,1300.00,1550.00,438.00,48.40,955.1,66.70
2026-07-22 10:00,1300.00,1550.00,438.00,48.40,955.1,66.70
2026-07-22 10:15,1300.00,1540.00,438.00,48.40,945.8,66.70
2026-07-22 10:30,1300.00,1540.00,435.00,48.40,948.8,66.70
2026-07-22 10:45,1300.00,1540.00,441.00,48.40,942.8,66.70
2026-07-22 11:00,1300.00,1540.00,435.00,48.40,948.8,66.70
2026-07-22 11:15,1290.00,1540.00,438.00,48.40,945.8,66.70
2026-07-22 11:30,1300.00,1540.00,438.00,48.40,945.8,66.70
2026-07-22 11:45,1300.00,1540.00,435.00,47.80,949.4,66.70
2026-07-22 12:00,1300.00,1540.00,438.00,47.80,946.4,66.70
2026-07-22 12:15,1300.00,1540.00,438.00,48.40,945.8,66.70
2026-07-22 12:30,1300.00,1540.00,438.00,48.40,945.8,66.70
2026-07-22 12:45,1300.00,1540.00,438.00,48.40,945.8,66.70
2026-07-22 13:00,1300.00,1540.00,438.00,48.40,945.8,66.70
2026-07-22 13:15,1300.00,1540.00,438.00,48.40,945.8,66.70
2026-07-22 13:30,1300.00,1540.00,438.00,48.40,945.8,66.70
2026-07-22 13:45,1300.00,1540.00,438.00,48.40,945.8,66.70
2026-07-22 14:00,1300.00,1540.00,435.00,48.40,948.8,66.70
2026-07-22 14:15,1300.00,1540.00,441.00,48.40,942.8,66.70
2026-07-22 14:30,1300.00,1540.00,438.00,48.40,945.8,66.70
2026-07-22 14:45,1300.00,1540.00,438.00,48.40,945.8,66.70
2026-07-22 15:00,1310.00,1540.00,441.00,48.40,942.8,66.00
2026-07-22 15:15,1300.00,1540.00,441.00,48.40,942.8,66.70
2026-07-22 15:30,1310.00,1570.00,438.00,48.40,973.7,66.70
2026-07-22 15:45,1310.00,1580.00,438.00,49.00,982.4,66.70
2026-07-22 16:00,1310.00,1580.00,438.00,49.00,982.4,66.70
2026-07-22 16:15,1310.00,1580.00,438.00,49.00,982.4,66.70
2026-07-22 16:30,1300.00,1580.00,441.00,49.00,979.4,68.20
2026-07-22 16:45,1300.00,1580.00,438.00,49.00,982.4,68.20
2026-07-22 17:00,1310.00,1580.00,441.00,49.00,979.4,68.20
2026-07-22 17:15,1300.00,1580.00,435.00,49.00,985.4,68.20
2026-07-22 17:30,1300.00,1580.00,435.00,49.00,985.4,68.90
2026-07-22 17:45,1300.00,1580.00,438.00,49.00,982.4,68.90
2026-07-22 18:00,1300.00,1580.00,438.00,49.00,982.4,68.90
2026-07-22 18:15,1300.00,1580.00,438.00,49.00,982.4,68.90
2026-07-22 18:30,1300.00,1580.00,438.00,49.00,982.4,69.60
2026-07-22 18:45,1310.00,1580.00,435.00,49.00,985.4,69.60
2026-07-22 19:00,1310.00,1580.00,438.00,49.00,982.4,69.60
2026-07-22 19:15,1310.00,1580.00,441.00,49.00,979.4,70.40
2026-07-22 19:30,1300.00,1580.00,438.00,49.00,982.4,70.40
2026-07-22 19:45,1300.00,1580.00,438.00,49.00,982.4,70.40
2026-07-22 20:00,1300.00,1570.00,438.00,49.00,973.1,71.10
2026-07-22 20:15,1300.00,1580.00,438.00,49.00,982.4,71.10
2026-07-22 20:30,1300.00,1570.00,438.00,49.00,973.1,71.10
2026-07-22 20:45,1300.00,1570.00,435.00,49.00,976.1,71.10
2026-07-22 21:00,1300.00,1580.00,438.00,49.00,982.4,71.10
2026-07-22 21:15,1310.00,1580.00,435.00,49.00,985.4,71.10
2026-07-22 21:30,1300.00,1570.00,438.00,49.00,973.1,71.10
2026-07-22 21:45,1300.00,1580.00,438.00,49.00,982.4,71.10
2026-07-22 22:00,1300.00,1570.00,438.00,49.00,973.1,70.40
2026-07-22 22:15,1310.00,1580.00,438.00,49.00,982.4,70.40
2026-07-22 22:30,1300.00,1570.00,438.00,49.00,973.1,70.40
2026-07-22 22:45,1300.00,1570.00,438.00,49.00,973.1,70.40
2026-07-22 23:00,1300.00,1570.00,438.00,49.00,973.1,70.40
2026-07-22 23:15,1300.00,1580.00,438.00,49.00,982.4,69.60
2026-07-22 23:30,1310.00,1570.00,438.00,49.00,973.1,69.60
2026-07-22 23:45,1300.00,1570.00,438.00,49.00,973.1,69.60
2026-07-23 00:00,1300.00,1580.00,435.00,49.00,985.4,68.90
2026-07-23 00:15,1300.00,1570.00,438.00,49.00,973.1,68.90
2026-07-23 00:30,1300.00,1580.00,438.00,49.00,982.4,68.90
2026-07-23 00:45,1300.00,1570.00,435.00,49.00,976.1,68.90
2026-07-23 01:00,1300.00,1580.00,435.00,49.00,985.4,68.90
2026-07-23 01:15,1300.00,1570.00,438.00,49.00,973.1,68.90
2026-07-23 01:30,1310.00,1570.00,438.00,49.00,973.1,68.90
2026-07-23 01:45,1300.00,1570.00,435.00,49.00,976.1,68.90
2026-07-23 02:00,1300.00,1580.00,438.00,49.00,982.4,68.90
2026-07-23 02:15,1300.00,1580.00,438.00,49.00,982.4,68.90
2026-07-23 02:30,1300.00,1580.00,438.00,49.00,982.4,68.20
2026-07-23 02:45,1300.00,1570.00,435.00,49.00,976.1,68.20
2026-07-23 03:00,1300.00,1580.00,435.00,49.00,985.4,68.20
2026-07-23 03:15,1300.00,1580.00,438.00,49.00,982.4,68.20
2026-07-23 03:30,1300.00,1580.00,435.00,49.00,985.4,68.20
2026-07-23 03:45,1300.00,1570.00,435.00,49.00,976.1,68.20
2026-07-23 04:00,1300.00,1580.00,438.00,49.00,982.4,68.20
2026-07-23 04:15,1300.00,1580.00,438.00,49.00,982.4,68.20
2026-07-23 04:30,1300.00,1580.00,435.00,49.00,985.4,68.20
2026-07-23 04:45,1300.00,1580.00,438.00,49.00,982.4,68.20
2026-07-23 05:00,1300.00,1580.00,438.00,49.00,982.4,68.20
2026-07-23 05:15,1300.00,1580.00,435.00,49.00,985.4,67.50
2026-07-23 05:30,1300.00,1580.00,435.00,49.00,985.4,68.20
2026-07-23 05:45,1300.00,1580.00,438.00,49.00,982.4,67.50
2026-07-23 06:00,1310.00,1580.00,438.00,49.00,982.4,68.20
2026-07-23 06:15,1300.00,1580.00,435.00,49.00,985.4,68.20
2026-07-23 06:30,1300.00,1580.00,433.00,49.00,987.4,67.50
2026-07-23 06:45,1310.00,1580.00,438.00,49.00,982.4,67.50
2026-07-23 07:00,1300.00,1580.00,438.00,49.00,982.4,67.50
2026-07-23 07:15,1300.00,1580.00,438.00,49.00,982.4,67.50
2026-07-23 07:30,1300.00,1580.00,438.00,49.00,982.4,67.50
2026-07-23 07:45,1300.00,1580.00,435.00,49.00,985.4,67.50
2026-07-23 08:00,1300.00,1580.00,435.00,49.00,985.4,67.50
2026-07-23 08:15,1310.00,1580.00,435.00,49.00,985.4,67.50
2026-07-23 08:30,1300.00,1580.00,438.00,49.00,982.4,67.50
2026-07-23 08:45,1300.00,1580.00,438.00,49.00,982.4,67.50
2026-07-23 09:00,1300.00,1580.00,438.00,49.60,981.8,67.50
2026-07-23 09:15,1300.00,1580.00,438.00,49.60,981.8,67.50
2026-07-23 09:30,1300.00,1580.00,438.00,49.60,981.8,67.50
2026-07-23 09:45,1300.00,1580.00,438.00,49.60,981.8,67.50
2026-07-23 10:00,1300.00,1580.00,438.00,49.60,981.8,67.50
2026-07-23 10:15,1300.00,1580.00,438.00,49.60,981.8,67.50
2026-07-23 10:30,1310.00,1580.00,438.00,49.60,981.8,67.50
2026-07-23 10:45,1300.00,1590.00,438.00,49.60,991.1,67.50
2026-07-23 11:00,1310.00,1580.00,435.00,49.60,984.8,67.50
2026-07-23 11:15,1300.00,1580.00,435.00,49.60,984.8,67.50
2026-07-23 11:30,1300.00,1580.00,435.00,49.60,984.8,67.50
2026-07-23 11:45,1300.00,1580.00,435.00,49.60,984.8,67.50
2026-07-23 12:00,1300.00,1580.00,435.00,49.60,984.8,67.50
2026-07-23 12:15,1310.00,1580.00,435.00,49.60,984.8,66.70
2026-07-23 12:30,1300.00,1580.00,438.00,49.60,981.8,67.50
2026-07-23 12:45,1300.00,1580.00,435.00,49.60,984.8,67.50
2026-07-23 13:00,1310.00,1580.00,438.00,49.60,981.8,66.70
2026-07-23 13:15,1310.00,1580.00,435.00,49.60,984.8,66.70
2026-07-23 13:30,1310.00,1580.00,435.00,49.60,984.8,67.50
2026-07-23 13:45,1310.00,1580.00,435.00,49.60,984.8,66.70
2026-07-23 14:00,1310.00,1580.00,438.00,49.60,981.8,66.70
2026-07-23 14:15,1300.00,1580.00,435.00,49.60,984.8,67.50
2026-07-23 14:30,1300.00,1580.00,435.00,49.00,985.4,66.70
2026-07-23 14:45,1300.00,1580.00,438.00,49.00,982.4,66.70
2026-07-23 15:00,1300.00,1580.00,438.00,49.00,982.4,66.70
2026-07-23 15:15,1300.00,1570.00,438.00,49.00,973.1,66.70
2026-07-23 15:30,1300.00,1570.00,438.00,49.00,973.1,66.70
2026-07-23 15:45,1310.00,1580.00,438.00,49.00,982.4,66.70
2026-07-23 16:00,1300.00,1580.00,438.00,49.00,982.4,66.70
2026-07-23 16:15,1310.00,1570.00,435.00,49.60,975.5,66.70
2026-07-23 16:30,1310.00,1570.00,438.00,49.60,972.5,66.70
2026-07-23 16:45,1300.00,1570.00,441.00,49.60,969.5,66.70
2026-07-23 17:00,1310.00,1570.00,441.00,49.60,969.5,66.70
2026-07-23 17:15,1310.00,1570.00,438.00,49.60,972.5,66.70
2026-07-23 17:30,1310.00,1570.00,438.00,49.60,972.5,66.70
2026-07-23 17:45,1300.00,1570.00,438.00,50.20,971.9,66.70
2026-07-23 18:00,1310.00,1570.00,438.00,50.20,971.9,66.70
2026-07-23 18:15,1310.00,1570.00,438.00,50.20,971.9,66.70
2026-07-23 18:30,1300.00,1570.00,438.00,50.20,971.9,66.70
2026-07-23 18:45,1310.00,1570.00,438.00,50.20,971.9,66.70
2026-07-23 19:00,1300.00,1570.00,438.00,50.20,971.9,66.70
2026-07-23 19:15,1310.00,1570.00,438.00,50.20,971.9,66.70
2026-07-23 19:30,1300.00,1570.00,438.00,50.20,971.9,66.70
2026-07-23 19:45,1310.00,1570.00,438.00,50.20,971.9,66.70
2026-07-23 20:00,1310.00,1570.00,438.00,50.20,971.9,66.70
2026-07-23 20:15,1300.00,1570.00,438.00,50.20,971.9,66.70
2026-07-23 20:30,1310.00,1570.00,438.00,50.20,971.9,66.70
2026-07-23 20:45,1310.00,1560.00,438.00,50.20,962.6,66.70
2026-07-23 21:00,1300.00,1560.00,435.00,50.20,965.6,66.70
2026-07-23 21:15,1310.00,1570.00,438.00,50.20,971.9,66.70
2026-07-23 21:30,1310.00,1570.00,438.00,50.20,971.9,66.70
2026-07-23 21:45,1310.00,1570.00,441.00,50.20,968.9,66.70
2026-07-23 22:00,1310.00,1570.00,438.00,50.20,971.9,66.00
2026-07-23 22:15,1300.00,1560.00,438.00,50.20,962.6,66.70
2026-07-23 22:30,1300.00,1560.00,438.00,50.20,962.6,66.70
2026-07-23 22:45,1310.00,1560.00,438.00,50.20,962.6,66.70
2026-07-23 23:00,1300.00,1560.00,438.00,50.20,962.6,66.70
2026-07-23 23:15,1300.00,1560.00,435.00,50.20,965.6,66.70
2026-07-23 23:30,1300.00,1560.00,438.00,50.20,962.6,66.70
2026-07-23 23:45,1310.00,1560.00,438.00,50.20,962.6,66.70
2026-07-24 00:00,1300.00,1570.00,438.00,50.20,971.9,66.70
2026-07-24 00:15,1300.00,1560.00,438.00,50.20,962.6,66.70
2026-07-24 00:30,1300.00,1560.00,438.00,50.20,962.6,66.70
2026-07-24 00:45,1310.00,1560.00,438.00,50.20,962.6,66.70
2026-07-24 01:00,1310.00,1560.00,435.00,50.20,965.6,66.70
2026-07-24 01:15,1300.00,1560.00,438.00,50.20,962.6,66.70
2026-07-24 01:30,1300.00,1560.00,438.00,50.20,962.6,66.70
2026-07-24 01:45,1300.00,1560.00,435.00,50.20,965.6,66.70
2026-07-24 02:00,1300.00,1560.00,438.00,50.20,962.6,66.70
2026-07-24 02:15,1300.00,1560.00,438.00,50.20,962.6,67.50
2026-07-24 02:30,1300.00,1560.00,435.00,50.20,965.6,66.70
2026-07-24 02:45,1300.00,1560.00,435.00,50.20,965.6,66.70
2026-07-24 03:00,1310.00,1560.00,435.00,50.20,965.6,66.70
2026-07-24 03:15,1310.00,1560.00,438.00,50.80,962.0,67.50
2026-07-24 03:30,1300.00,1560.00,438.00,50.20,962.6,67.50
2026-07-24 03:45,1300.00,1560.00,438.00,50.20,962.6,67.50
2026-07-24 04:00,1310.00,1560.00,438.00,50.80,962.0,67.50
2026-07-24 04:15,1310.00,1560.00,438.00,50.20,962.6,67.50
2026-07-24 04:30,1300.00,1560.00,438.00,50.80,962.0,67.50
2026-07-24 04:45,1300.00,1560.00,438.00,50.80,962.0,67.50
2026-07-24 05:00,1300.00,1560.00,438.00,50.80,962.0,67.50
2026-07-24 05:15,1300.00,1560.00,438.00,50.80,962.0,67.50
2026-07-24 05:30,1300.00,1560.00,438.00,50.80,962.0,66.70
2026-07-24 05:45,1300.00,1560.00,438.00,50.80,962.0,66.70
2026-07-24 06:00,1310.00,1550.00,435.00,50.20,956.3,66.70
2026-07-24 06:15,1300.00,1560.00,438.00,50.20,962.6,66.70
2026-07-24 06:30,1300.00,1560.00,435.00,50.20,965.6,66.70
2026-07-24 06:45,1300.00,1560.00,438.00,50.20,962.6,66.70
2026-07-24 07:00,1310.00,1550.00,438.00,50.20,953.3,66.70
2026-07-24 07:15,1300.00,1550.00,438.00,50.20,953.3,66.70
2026-07-24 07:30,1300.00,1560.00,438.00,50.20,962.6,66.70
2026-07-24 07:45,1310.00,1550.00,438.00,50.20,953.3,66.70
2026-07-24 08:00,1310.00,1560.00,438.00,50.20,962.6,66.70
2026-07-24 08:15,1300.00,1560.00,438.00,50.20,962.6,66.70
2026-07-24 08:30,1300.00,1560.00,441.00,50.20,959.6,66.00
2026-07-24 08:45,1300.00,1550.00,438.00,50.20,953.3,66.00
2026-07-24 09:00,1300.00,1550.00,438.00,50.20,953.3,66.00
2026-07-24 09:15,1300.00,1560.00,441.00,50.20,959.6,66.00
2026-07-24 09:30,1310.00,1550.00,441.00,50.20,950.3,66.00
2026-07-24 09:45,1300.00,1560.00,441.00,50.20,959.6,66.00
2026-07-24 10:00,1300.00,1560.00,441.00,50.20,959.6,66.00
2026-07-24 10:15,1300.00,1550.00,441.00,50.20,950.3,66.00
2026-07-24 10:30,1300.00,1560.00,438.00,50.20,962.6,66.00
2026-07-24 10:45,1300.00,1560.00,438.00,50.20,962.6,66.00
2026-07-24 11:00,1300.00,1560.00,441.00,50.20,959.6,66.00
2026-07-24 11:15,1300.00,1560.00,444.00,50.20,956.6,66.00
2026-07-24 11:30,1300.00,1550.00,441.00,50.20,950.3,65.30
2026-07-24 11:45,1310.00,1550.00,433.00,50.20,958.3,65.30
2026-07-24 12:00,1310.00,1550.00,433.00,50.20,958.3,65.30
2026-07-24 12:15,1300.00,1550.00,435.00,50.20,956.3,65.30
2026-07-24 12:30,1300.00,1550.00,435.00,50.20,956.3,65.30
2026-07-24 12:45,1310.00,1550.00,438.00,50.20,953.3,65.30
2026-07-24 13:00,1300.00,1550.00,435.00,50.20,956.3,65.30
2026-07-24 13:15,1300.00,1550.00,433.00,50.20,958.3,65.30
2026-07-24 13:30,1300.00,1550.00,332.00,50.20,1059.3,65.30
2026-07-24 13:45,1300.00,1550.00,444.00,50.20,947.3,65.30
2026-07-24 14:00,1300.00,1550.00,441.00,50.20,950.3,65.30
2026-07-24 14:15,1310.00,1540.00,433.00,49.60,949.6,65.30
2026-07-24 14:30,1310.00,1540.00,433.00,49.60,949.6,65.30
2026-07-24 14:45,1310.00,1540.00,438.00,49.60,944.6,65.30
2026-07-24 15:00,1300.00,1550.00,438.00,50.20,953.3,65.30
2026-07-24 15:15,1300.00,1540.00,435.00,50.20,947.0,65.30
2026-07-24 15:30,1310.00,1540.00,438.00,50.20,944.0,65.30
2026-07-24 15:45,1310.00,1540.00,435.00,50.20,947.0,64.60
2026-07-24 16:00,1300.00,1540.00,438.00,50.20,944.0,64.60
2026-07-24 16:15,1310.00,1550.00,438.00,50.20,953.3,64.60
2026-07-24 16:30,1310.00,1540.00,435.00,50.20,947.0,64.60
2026-07-24 16:45,1310.00,1540.00,435.00,50.20,947.0,64.60
2026-07-24 17:00,1310.00,1540.00,438.00,50.20,944.0,64.60
2026-07-24 17:15,1310.00,1540.00,438.00,50.20,944.0,64.60
2026-07-24 17:30,1310.00,1540.00,438.00,50.20,944.0,64.60
2026-07-24 17:45,1310.00,1540.00,438.00,50.20,944.0,64.60
2026-07-24 18:00,1310.00,1540.00,438.00,50.20,944.0,64.60
2026-07-24 18:15,1310.00,1540.00,438.00,50.20,944.0,64.60
2026-07-24 18:30,1310.00,1540.00,438.00,50.20,944.0,64.60
2026-07-24 18:45,1300.00,1540.00,438.00,50.20,944.0,64.60
2026-07-24 19:00,1310.00,1540.00,438.00,50.20,944.0,64.60
2026-07-24 19:15,1310.00,1540.00,438.00,50.20,944.0,64.60
2026-07-24 19:30,1310.00,1540.00,438.00,50.20,944.0,64.60
2026-07-24 19:45,1310.00,1540.00,438.00,50.20,944.0,64.60
2026-07-24 20:00,1310.00,1540.00,435.00,50.20,947.0,64.60
2026-07-24 20:15,1300.00,1540.00,435.00,50.20,947.0,64.60
2026-07-24 20:30,1310.00,1540.00,435.00,50.20,947.0,64.60
2026-07-24 20:45,1300.00,1540.00,435.00,50.20,947.0,64.60
2026-07-24 21:00,1300.00,1540.00,435.00,50.20,947.0,64.60
2026-07-24 21:15,1300.00,1540.00,435.00,50.20,947.0,64.60
2026-07-24 21:30,1310.00,1540.00,435.00,50.20,947.0,64.60
2026-07-24 21:45,1300.00,1540.00,438.00,50.20,944.0,64.60
2026-07-24 22:00,1300.00,1540.00,435.00,50.20,947.0,64.60
2026-07-24 22:15,1310.00,1540.00,435.00,50.20,947.0,63.90
2026-07-24 22:30,1300.00,1540.00,438.00,50.20,944.0,63.90
2026-07-24 22:45,1310.00,1540.00,435.00,50.20,947.0,63.90
2026-07-24 23:00,1310.00,1540.00,433.00,50.20,949.0,63.90
2026-07-24 23:15,1310.00,1540.00,438.00,50.20,944.0,63.90
2026-07-24 23:30,1310.00,1540.00,438.00,50.20,944.0,63.90
2026-07-24 23:45,1310.00,1540.00,435.00,50.20,947.0,63.90
2026-07-25 00:00,1300.00,1540.00,438.00,50.20,944.0,63.90
2026-07-25 00:15,1310.00,1540.00,435.00,50.20,947.0,63.90
2026-07-25 00:30,1310.00,1540.00,435.00,50.20,947.0,63.90
2026-07-25 00:45,1300.00,1540.00,438.00,50.20,944.0,63.90
2026-07-25 01:00,1310.00,1540.00,438.00,50.20,944.0,63.90
2026-07-25 01:15,1310.00,1540.00,438.00,50.20,944.0,63.90
2026-07-25 01:30,1310.00,1540.00,438.00,50.20,944.0,63.90
2026-07-25 01:45,1310.00,1540.00,438.00,50.20,944.0,63.90
2026-07-25 02:00,1310.00,1540.00,435.00,50.20,947.0,63.90
2026-07-25 02:15,1310.00,1540.00,435.00,50.20,947.0,63.90
2026-07-25 02:30,1310.00,1540.00,438.00,50.20,944.0,63.90
2026-07-25 02:45,1300.00,1540.00,438.00,50.20,944.0,63.90
2026-07-25 03:00,1300.00,1540.00,435.00,50.20,947.0,63.90
2026-07-25 03:15,1310.00,1540.00,435.00,50.20,947.0,63.90
2026-07-25 03:30,1310.00,1540.00,438.00,50.20,944.0,63.90
2026-07-25 03:45,1300.00,1540.00,435.00,50.20,947.0,63.90
2026-07-25 04:00,1300.00,1540.00,438.00,50.20,944.0,63.90
2026-07-25 04:15,1300.00,1540.00,438.00,50.20,944.0,63.90
2026-07-25 04:30,1300.00,1540.00,438.00,50.20,944.0,63.90
2026-07-25 04:45,1300.00,1540.00,438.00,50.20,944.0,63.90
2026-07-25 05:00,1310.00,1540.00,438.00,50.20,944.0,63.90
2026-07-25 05:15,1300.00,1540.00,438.00,50.80,943.4,63.90
2026-07-25 05:30,1310.00,1540.00,441.00,50.80,940.4,63.90
2026-07-25 05:45,1300.00,1540.00,438.00,50.80,943.4,63.90
2026-07-25 06:00,1300.00,1540.00,438.00,50.80,943.4,63.90
2026-07-25 06:15,1310.00,1540.00,438.00,50.80,943.4,63.90
2026-07-25 06:30,1310.00,1540.00,438.00,50.20,944.0,63.90
2026-07-25 06:45,1300.00,1540.00,438.00,50.20,944.0,63.90
2026-07-25 07:00,1310.00,1540.00,435.00,50.20,947.0,63.90
2026-07-25 07:15,1310.00,1540.00,435.00,50.20,947.0,63.90
2026-07-25 07:30,1310.00,1540.00,438.00,50.20,944.0,63.90
2026-07-25 07:45,1310.00,1540.00,438.00,50.20,944.0,63.90
2026-07-25 08:00,1310.00,1540.00,438.00,50.20,944.0,63.90
2026-07-25 08:15,1310.00,1540.00,438.00,50.20,944.0,63.20
2026-07-25 08:30,1310.00,1540.00,435.00,50.20,947.0,63.20
2026-07-25 08:45,1300.00,1540.00,435.00,50.20,947.0,63.20
2026-07-25 09:00,1310.00,1540.00,438.00,50.20,944.0,63.20
2026-07-25 09:15,1310.00,1540.00,435.00,50.20,947.0,63.20
2026-07-25 09:30,1310.00,1540.00,438.00,50.20,944.0,63.20
2026-07-25 09:45,1300.00,1540.00,435.00,50.20,947.0,63.20
2026-07-25 10:00,1300.00,1540.00,435.00,50.20,947.0,63.20
2026-07-25 10:15,1300.00,1540.00,435.00,50.20,947.0,63.20
2026-07-25 10:30,1300.00,1540.00,435.00,50.20,947.0,63.20
2026-07-25 10:45,1300.00,1540.00,438.00,50.20,944.0,63.20
2026-07-25 11:00,1310.00,1540.00,435.00,50.20,947.0,63.20
2026-07-25 11:15,1310.00,1540.00,435.00,50.20,947.0,63.20
2026-07-25 11:30,1300.00,1540.00,435.00,50.20,947.0,63.20
2026-07-25 11:45,1300.00,1540.00,438.00,50.20,944.0,63.20
2026-07-25 12:00,1310.00,1540.00,438.00,50.20,944.0,63.20
2026-07-25 12:15,1300.00,1540.00,438.00,50.20,944.0,63.20
2026-07-25 12:30,0.00,1540.00,435.00,50.20,947.0,63.20
2026-07-25 12:45,1310.00,1540.00,435.00,50.20,947.0,63.20
2026-07-25 13:00,1310.00,1540.00,435.00,50.20,947.0,63.20
2026-07-25 13:15,1300.00,1540.00,435.00,50.20,947.0,63.20
2026-07-25 13:30,1310.00,1540.00,435.00,50.20,947.0,63.20
2026-07-25 13:45,1310.00,1540.00,435.00,50.20,947.0,63.20
2026-07-25 14:00,1310.00,1540.00,435.00,50.20,947.0,63.20
2026-07-25 14:15,1310.00,1530.00,435.00,50.20,937.7,63.20
2026-07-25 14:30,1310.00,1530.00,438.00,50.20,934.7,63.20
2026-07-25 14:45,1310.00,1540.00,438.00,50.20,944.0,63.20
2026-07-25 15:00,1310.00,1540.00,438.00,50.20,944.0,63.20
2026-07-25 15:15,1300.00,1530.00,438.00,50.20,934.7,63.20
2026-07-25 15:30,1310.00,1530.00,438.00,49.60,935.3,62.50
2026-07-25 15:45,1310.00,1530.00,438.00,49.60,935.3,62.50
2026-07-25 16:00,1310.00,1530.00,435.00,49.60,938.3,62.50
2026-07-25 16:15,1310.00,1530.00,438.00,49.60,935.3,63.20
2026-07-25 16:30,1310.00,1530.00,438.00,49.60,935.3,62.50
2026-07-25 16:45,1310.00,1530.00,435.00,49.60,938.3,62.50
2026-07-25 17:00,1310.00,1530.00,438.00,50.20,934.7,62.50
2026-07-25 17:15,1300.00,1530.00,435.00,50.20,937.7,62.50
2026-07-25 17:30,1310.00,1530.00,438.00,50.20,934.7,62.50
2026-07-25 17:45,1310.00,1530.00,438.00,50.20,934.7,62.50
2026-07-25 18:00,1310.00,1530.00,435.00,50.20,937.7,62.50
2026-07-25 18:15,1310.00,1530.00,438.00,50.20,934.7,62.50
2026-07-25 18:30,1310.00,1530.00,438.00,50.20,934.7,62.50
2026-07-25 18:45,1310.00,1530.00,438.00,50.20,934.7,62.50
2026-07-25 19:00,1310.00,1530.00,438.00,50.20,934.7,62.50
2026-07-25 19:15,1310.00,1530.00,435.00,50.20,937.7,62.50
2026-07-25 19:30,1310.00,1520.00,438.00,50.20,925.4,62.50
2026-07-25 19:45,1310.00,1530.00,438.00,50.20,934.7,62.50
2026-07-25 20:00,1310.00,1530.00,435.00,50.20,937.7,62.50
2026-07-25 20:15,1320.00,1530.00,438.00,50.20,934.7,62.50
2026-07-25 20:30,1320.00,1530.00,435.00,50.20,937.7,62.50
2026-07-25 20:45,1320.00,1530.00,435.00,50.20,937.7,62.50
2026-07-25 21:00,1320.00,1530.00,438.00,50.20,934.7,62.50
2026-07-25 21:15,1320.00,1530.00,438.00,50.20,934.7,62.50
2026-07-25 21:30,1310.00,1530.00,438.00,50.20,934.7,62.50
2026-07-25 21:45,1310.00,1530.00,435.00,50.20,937.7,62.50
2026-07-25 22:00,1310.00,1530.00,438.00,50.20,934.7,62.50
2026-07-25 22:15,1310.00,1530.00,438.00,50.20,934.7,62.50
2026-07-25 22:30,1300.00,1530.00,435.00,50.20,937.7,62.50
2026-07-25 22:45,1310.00,1530.00,438.00,50.20,934.7,62.50
2026-07-25 23:00,1310.00,1530.00,441.00,50.20,931.7,62.50
2026-07-25 23:15,1310.00,1530.00,438.00,50.20,934.7,62.50
2026-07-25 23:30,1310.00,1530.00,438.00,50.20,934.7,62.50
2026-07-25 23:45,1310.00,1530.00,438.00,50.20,934.7,62.50
2026-07-26 00:00,1310.00,1530.00,438.00,50.20,934.7,62.50
2026-07-26 00:15,1300.00,1530.00,435.00,50.20,937.7,62.50
2026-07-26 00:30,1310.00,1530.00,438.00,50.20,934.7,62.50
2026-07-26 00:45,1310.00,1530.00,438.00,50.20,934.7,62.50
2026-07-26 01:00,1310.00,1530.00,438.00,50.20,934.7,62.50
2026-07-26 01:15,1310.00,1530.00,441.00,50.20,931.7,62.50
2026-07-26 01:30,1310.00,1530.00,438.00,50.20,934.7,62.50
2026-07-26 01:45,1310.00,1530.00,438.00,50.20,934.7,62.50
2026-07-26 02:00,1310.00,1530.00,435.00,50.20,937.7,61.80
2026-07-26 02:15,1300.00,1530.00,441.00,50.20,931.7,61.80
2026-07-26 02:30,1310.00,1530.00,438.00,50.20,934.7,61.80
2026-07-26 02:45,1310.00,1530.00,438.00,50.20,934.7,61.80
2026-07-26 03:00,1310.00,1530.00,438.00,50.20,934.7,61.80
2026-07-26 03:15,1300.00,1530.00,438.00,50.20,934.7,61.80
2026-07-26 03:30,1310.00,1530.00,438.00,50.20,934.7,61.80
2026-07-26 03:45,1310.00,1530.00,438.00,50.20,934.7,61.80
2026-07-26 04:00,1320.00,1530.00,438.00,50.20,934.7,61.80
2026-07-26 04:15,1300.00,1530.00,438.00,50.20,934.7,61.80
2026-07-26 04:30,1310.00,1530.00,438.00,50.20,934.7,61.80
2026-07-26 04:45,1310.00,1530.00,438.00,50.20,934.7,61.80
2026-07-26 05:00,1310.00,1530.00,438.00,50.20,934.7,61.80
2026-07-26 05:15,1310.00,1530.00,438.00,50.20,934.7,61.80
2026-07-26 05:30,1310.00,1530.00,438.00,50.20,934.7,61.80
2026-07-26 05:45,1300.00,1530.00,438.00,50.20,934.7,61.80
2026-07-26 06:00,1310.00,1530.00,438.00,50.20,934.7,61.80
2026-07-26 06:15,1310.00,1530.00,438.00,50.20,934.7,61.80
2026-07-26 06:30,1300.00,1530.00,438.00,50.20,934.7,61.80
2026-07-26 06:45,1310.00,1530.00,438.00,50.20,934.7,61.80
2026-07-26 07:00,1310.00,1530.00,438.00,50.20,934.7,61.80
2026-07-26 07:15,1310.00,1530.00,435.00,50.20,937.7,61.80
2026-07-26 07:30,1300.00,1530.00,438.00,50.20,934.7,61.80
2026-07-26 07:45,1310.00,1530.00,438.00,50.20,934.7,61.80
2026-07-26 08:00,1310.00,1530.00,438.00,50.20,934.7,61.80
2026-07-26 08:15,1320.00,1530.00,435.00,50.20,937.7,61.10
2026-07-26 08:30,1310.00,1530.00,438.00,50.20,934.7,61.10
2026-07-26 08:45,1310.00,1530.00,435.00,50.20,937.7,61.10
2026-07-26 09:00,1310.00,1530.00,435.00,50.20,937.7,61.10
2026-07-26 09:15,1310.00,1530.00,438.00,50.20,934.7,61.10
2026-07-26 09:30,1310.00,1530.00,438.00,50.20,934.7,61.10
2026-07-26 09:45,1310.00,1530.00,435.00,50.20,937.7,61.10
2026-07-26 10:00,1310.00,1530.00,438.00,50.80,934.1,61.10
2026-07-26 10:15,1310.00,1530.00,435.00,50.20,937.7,60.40
2026-07-26 10:30,1310.00,1530.00,435.00,50.20,937.7,60.40
2026-07-26 10:45,1310.00,1530.00,435.00,50.20,937.7,60.40
2026-07-26 11:00,1300.00,1530.00,438.00,50.80,934.1,60.40
2026-07-26 11:15,1300.00,1530.00,435.00,50.20,937.7,60.40
2026-07-26 11:30,1310.00,1530.00,438.00,50.20,934.7,60.40
2026-07-26 11:45,1300.00,1530.00,438.00,50.20,934.7,59.70
2026-07-26 12:00,1310.00,1530.00,438.00,50.20,934.7,59.70
2026-07-26 12:15,1310.00,1530.00,438.00,50.20,934.7,59.70
2026-07-26 12:30,1310.00,1530.00,438.00,50.20,934.7,59.70
2026-07-26 12:45,1310.00,1530.00,435.00,50.80,937.1,59.70
2026-07-26 13:00,1310.00,1530.00,438.00,50.20,934.7,59.70
2026-07-26 13:15,1310.00,1530.00,435.00,50.20,937.7,59.70
2026-07-26 13:30,1310.00,1530.00,435.00,50.20,937.7,59.70
2026-07-26 13:45,1310.00,1530.00,435.00,50.20,937.7,59.70
2026-07-26 14:00,1310.00,1530.00,435.00,50.20,937.7,59.00
2026-07-26 14:15,1310.00,1530.00,435.00,50.20,937.7,59.70
2026-07-26 14:30,1310.00,1520.00,435.00,50.20,928.4,59.00
2026-07-26 14:45,1310.00,1520.00,438.00,50.20,925.4,59.00
2026-07-26 15:00,1310.00,1530.00,438.00,50.20,934.7,59.00
2026-07-26 15:15,1310.00,1520.00,438.00,50.20,925.4,59.00
2026-07-26 15:30,1320.00,1530.00,438.00,50.20,934.7,59.00
2026-07-26 15:45,1310.00,1530.00,435.00,50.20,937.7,59.00
2026-07-26 16:00,1310.00,1520.00,435.00,50.20,928.4,59.00
2026-07-26 16:15,1310.00,1530.00,438.00,50.20,934.7,59.00
2026-07-26 16:30,1310.00,1520.00,438.00,50.20,925.4,59.00
2026-07-26 16:45,1310.00,1520.00,438.00,50.20,925.4,58.30
2026-07-26 17:00,1310.00,1530.00,438.00,50.20,934.7,58.30
2026-07-26 17:15,1310.00,1520.00,435.00,50.20,928.4,58.30
2026-07-26 17:30,1320.00,1520.00,438.00,50.20,925.4,58.30
2026-07-26 17:45,1310.00,1520.00,438.00,50.20,925.4,58.30
2026-07-26 18:00,1320.00,1520.00,438.00,50.20,925.4,58.30
2026-07-26 18:15,1310.00,1520.00,438.00,50.20,925.4,58.30
2026-07-26 18:30,1320.00,1520.00,435.00,50.20,928.4,58.30
2026-07-26 18:45,1310.00,1520.00,438.00,50.20,925.4,58.30
2026-07-26 19:00,1310.00,1520.00,435.00,50.20,928.4,58.30
2026-07-26 19:15,1310.00,1520.00,435.00,50.20,928.4,58.30
2026-07-26 19:30,1310.00,1520.00,438.00,50.20,925.4,58.30
2026-07-26 19:45,1320.00,1520.00,438.00,50.20,925.4,58.30
2026-07-26 20:00,1310.00,1520.00,438.00,50.20,925.4,58.30
2026-07-26 20:15,1310.00,1520.00,438.00,50.20,925.4,58.30
2026-07-26 20:30,1310.00,1520.00,438.00,50.20,925.4,58.30
2026-07-26 20:45,1300.00,1520.00,438.00,50.20,925.4,58.30
2026-07-26 21:00,1320.00,1520.00,441.00,50.20,922.4,58.30
2026-07-26 21:15,1320.00,1520.00,438.00,50.20,925.4,58.30
2026-07-26 21:30,1310.00,1520.00,438.00,50.20,925.4,58.30
2026-07-26 21:45,1310.00,1520.00,438.00,50.20,925.4,58.30
2026-07-26 22:00,1310.00,1520.00,438.00,50.20,925.4,58.30
2026-07-26 22:15,1320.00,1530.00,438.00,50.20,934.7,57.60
2026-07-26 22:30,1320.00,1520.00,438.00,50.20,925.4,58.30
2026-07-26 22:45,1320.00,1520.00,438.00,50.20,925.4,57.60
2026-07-26 23:00,1320.00,1520.00,438.00,50.20,925.4,57.60
2026-07-26 23:15,1320.00,1520.00,438.00,50.20,925.4,57.60
2026-07-26 23:30,1310.00,1520.00,438.00,50.20,925.4,57.60
2026-07-26 23:45,1310.00,1520.00,438.00,50.20,925.4,57.60
2026-07-27 00:00,1310.00,1520.00,438.00,50.20,925.4,57.60
2026-07-27 00:15,1310.00,1520.00,438.00,50.20,925.4,57.60
2026-07-27 00:30,1310.00,1520.00,438.00,50.20,925.4,57.60
2026-07-27 00:45,1310.00,1520.00,438.00,50.20,925.4,57.60
2026-07-27 01:00,1310.00,1520.00,438.00,50.20,925.4,57.60
2026-07-27 01:15,1310.00,1520.00,438.00,50.20,925.4,57.60
2026-07-27 01:30,1310.00,1520.00,438.00,50.20,925.4,57.60
2026-07-27 01:45,1310.00,1520.00,438.00,50.20,925.4,57.60
2026-07-27 02:00,1310.00,1520.00,438.00,50.20,925.4,57.60
2026-07-27 02:15,1310.00,1520.00,438.00,50.20,925.4,57.60
2026-07-27 02:30,1310.00,1520.00,438.00,50.20,925.4,57.60
2026-07-27 02:45,1310.00,1520.00,438.00,50.20,925.4,57.60
2026-07-27 03:00,1310.00,1520.00,438.00,50.20,925.4,57.60
2026-07-27 03:15,1310.00,1520.00,438.00,50.20,925.4,57.60
2026-07-27 03:30,1310.00,1520.00,438.00,50.20,925.4,57.60
2026-07-27 03:45,1310.00,1520.00,438.00,50.20,925.4,57.60
2026-07-27 04:00,1310.00,1520.00,438.00,50.20,925.4,57.60
2026-07-27 04:15,1310.00,1520.00,438.00,50.20,925.4,57.60
2026-07-27 04:30,1310.00,1520.00,438.00,50.20,925.4,57.60
2026-07-27 04:45,1310.00,1520.00,435.00,50.20,928.4,57.60
2026-07-27 05:00,1320.00,1520.00,438.00,50.20,925.4,57.60
2026-07-27 05:15,1310.00,1520.00,438.00,50.20,925.4,57.60
2026-07-27 05:30,1310.00,1520.00,435.00,50.20,928.4,57.60
2026-07-27 05:45,1310.00,1520.00,438.00,50.20,925.4,57.60
2026-07-27 06:00,1310.00,1520.00,438.00,50.20,925.4,57.60
2026-07-27 06:15,1310.00,1520.00,438.00,50.20,925.4,57.60
2026-07-27 06:30,1310.00,1520.00,441.00,50.20,922.4,57.60
2026-07-27 06:45,1310.00,1520.00,438.00,50.20,925.4,57.60
2026-07-27 07:00,1310.00,1520.00,438.00,50.20,925.4,57.60
2026-07-27 07:15,1310.00,1520.00,435.00,50.20,928.4,57.60
2026-07-27 07:30,1310.00,1520.00,438.00,50.20,925.4,57.60
2026-07-27 07:45,1310.00,1520.00,438.00,50.20,925.4,57.60
2026-07-27 08:00,1310.00,1520.00,438.00,50.20,925.4,57.60
2026-07-27 08:15,1310.00,1530.00,438.00,50.20,934.7,57.60
2026-07-27 08:30,1310.00,1520.00,438.00,50.20,925.4,57.60
2026-07-27 08:45,1310.00,1520.00,435.00,50.20,928.4,57.60
2026-07-27 09:00,1310.00,1520.00,438.00,50.20,925.4,57.60
2026-07-27 09:15,1310.00,1520.00,438.00,50.20,925.4,57.60
2026-07-27 09:30,1310.00,1520.00,438.00,50.20,925.4,57.60
2026-07-27 09:45,1310.00,1520.00,438.00,50.20,925.4,57.60
2026-07-27 10:00,1310.00,1520.00,438.00,50.20,925.4,57.60
2026-07-27 10:15,1300.00,1530.00,438.00,50.20,934.7,57.60
2026-07-27 10:30,1290.00,1520.00,441.00,50.80,921.8,57.60
2026-07-27 10:45,1280.00,1520.00,438.00,50.80,924.8,57.60
2026-07-27 11:00,1280.00,1520.00,435.00,50.80,927.8,57.60
2026-07-27 11:15,1270.00,1520.00,435.00,50.20,928.4,57.60
2026-07-27 11:30,1260.00,1520.00,438.00,50.80,924.8,57.60
2026-07-27 11:45,1250.00,1520.00,438.00,50.80,924.8,57.60
2026-07-27 12:00,1240.00,1520.00,438.00,50.80,924.8,57.60
2026-07-27 12:15,1250.00,1520.00,438.00,50.20,925.4,57.60
2026-07-27 12:30,1240.00,1530.00,438.00,50.80,934.1,57.60
2026-07-27 12:45,1240.00,1530.00,435.00,50.20,937.7,57.60
2026-07-27 13:00,1240.00,1530.00,438.00,50.20,934.7,57.60
2026-07-27 13:15,1240.00,1530.00,438.00,50.20,934.7,57.60
2026-07-27 13:30,1240.00,1530.00,438.00,50.20,934.7,57.60
2026-07-27 13:45,1250.00,1520.00,438.00,50.20,925.4,57.60
2026-07-27 14:00,1250.00,1520.00,438.00,50.20,925.4,57.60
2026-07-27 14:15,1250.00,1520.00,435.00,50.20,928.4,57.60
2026-07-27 14:30,1250.00,1520.00,438.00,50.20,925.4,57.60
2026-07-27 14:45,1250.00,1520.00,438.00,50.20,925.4,57.60
2026-07-27 15:00,1250.00,1520.00,438.00,50.20,925.4,56.90
2026-07-27 15:15,1250.00,1520.00,438.00,50.20,925.4,56.90
2026-07-27 15:30,1250.00,1520.00,438.00,50.20,925.4,57.60
2026-07-27 15:45,1250.00,1520.00,438.00,50.20,925.4,56.90
2026-07-27 16:00,1250.00,1520.00,438.00,50.20,925.4,56.90
2026-07-27 16:15,1250.00,1520.00,438.00,50.20,925.4,57.60
2026-07-27 16:30,1250.00,1520.00,438.00,50.20,925.4,57.60
2026-07-27 16:45,1250.00,1520.00,438.00,50.20,925.4,57.60
2026-07-27 17:00,1250.00,1520.00,441.00,50.20,922.4,57.60
2026-07-27 17:15,1250.00,1520.00,438.00,50.20,925.4,57.60
2026-07-27 17:30,1250.00,1520.00,441.00,50.20,922.4,56.90
2026-07-27 17:45,1250.00,1520.00,438.00,50.20,925.4,56.90
2026-07-27 18:00,1250.00,1520.00,441.00,50.20,922.4,56.90
2026-07-27 18:15,1250.00,1520.00,441.00,49.60,923.0,56.90
2026-07-27 18:30,1250.00,1520.00,441.00,49.60,923.0,56.90
2026-07-27 18:45,1250.00,1520.00,438.00,50.20,925.4,56.90
2026-07-27 19:00,1250.00,1520.00,438.00,50.20,925.4,56.90
2026-07-27 19:15,1250.00,1520.00,438.00,50.20,925.4,56.90
2026-07-27 19:30,1250.00,1520.00,438.00,50.20,925.4,56.90
2026-07-27 19:45,1250.00,1520.00,438.00,50.20,925.4,56.90
2026-07-27 20:00,1250.00,1520.00,438.00,50.20,925.4,56.90
2026-07-27 20:15,1250.00,1520.00,441.00,50.20,922.4,56.90
2026-07-27 20:30,1250.00,1520.00,441.00,50.20,922.4,56.90
2026-07-27 20:45,1250.00,1520.00,438.00,50.20,925.4,56.90
2026-07-27 21:00,1250.00,1520.00,438.00,50.20,925.4,56.90
2026-07-27 21:15,1250.00,1520.00,438.00,50.20,925.4,56.90
2026-07-27 21:30,1250.00,1510.00,438.00,50.20,916.1,56.90
2026-07-27 21:45,1250.00,1520.00,438.00,50.20,925.4,56.90
2026-07-27 22:00,1250.00,1520.00,438.00,50.20,925.4,56.90
2026-07-27 22:15,1250.00,1520.00,438.00,50.20,925.4,56.90
2026-07-27 22:30,1240.00,1520.00,438.00,50.20,925.4,56.20
2026-07-27 22:45,1250.00,1520.00,435.00,50.20,928.4,56.90
2026-07-27 23:00,1250.00,1520.00,438.00,50.20,925.4,56.90
2026-07-27 23:15,1250.00,1520.00,438.00,50.20,925.4,56.90
2026-07-27 23:30,1250.00,1520.00,438.00,50.20,925.4,56.90
2026-07-27 23:45,1250.00,1520.00,438.00,50.20,925.4,56.90
2026-07-28 00:00,1250.00,1520.00,438.00,50.20,925.4,56.90
2026-07-28 00:15,1250.00,1510.00,435.00,50.20,919.1,56.90
2026-07-28 00:30,1250.00,1520.00,438.00,50.20,925.4,56.90
2026-07-28 00:45,1250.00,1520.00,438.00,50.20,925.4,56.90
2026-07-28 01:00,1250.00,1510.00,438.00,50.20,916.1,56.90
2026-07-28 01:15,1250.00,1510.00,438.00,50.20,916.1,56.90
2026-07-28 01:30,1250.00,1520.00,438.00,50.20,925.4,56.90
2026-07-28 01:45,1250.00,1510.00,438.00,50.20,916.1,56.90
2026-07-28 02:00,1250.00,1520.00,438.00,50.20,925.4,56.90
2026-07-28 02:15,1250.00,1510.00,438.00,50.20,916.1,56.90
2026-07-28 02:30,1250.00,1520.00,438.00,50.20,925.4,56.90
2026-07-28 02:45,1250.00,1520.00,438.00,50.20,925.4,56.90
2026-07-28 03:00,1250.00,1520.00,438.00,50.20,925.4,56.90
2026-07-28 03:15,1250.00,1520.00,438.00,50.20,925.4,56.90
2026-07-28 03:30,1250.00,1520.00,438.00,50.20,925.4,56.90
2026-07-28 03:45,1250.00,1510.00,435.00,50.20,919.1,56.90
2026-07-28 04:00,1250.00,1520.00,438.00,50.20,925.4,56.90
2026-07-28 04:15,1250.00,1520.00,438.00,50.20,925.4,56.90
2026-07-28 04:30,1250.00,1510.00,438.00,50.20,916.1,56.90
2026-07-28 04:45,1250.00,1510.00,438.00,50.20,916.1,56.90
2026-07-28 05:00,1250.00,1520.00,438.00,50.20,925.4,56.90
2026-07-28 05:15,1240.00,1510.00,438.00,50.20,916.1,56.90
2026-07-28 05:30,1250.00,1510.00,441.00,50.20,913.1,56.90
2026-07-28 05:45,1250.00,1510.00,438.00,50.20,916.1,56.90
2026-07-28 06:00,1250.00,1510.00,438.00,50.20,916.1,56.90
2026-07-28 06:15,1250.00,1500.00,438.00,50.20,906.8,56.90
2026-07-28 06:30,1250.00,1510.00,438.00,50.20,916.1,56.90
2026-07-28 06:45,1250.00,1500.00,438.00,50.20,906.8,56.90
2026-07-28 07:00,1250.00,1510.00,438.00,50.20,916.1,56.90
2026-07-28 07:15,1250.00,1510.00,438.00,50.20,916.1,56.90
2026-07-28 07:30,1250.00,1510.00,438.00,50.20,916.1,56.90
2026-07-28 07:45,1250.00,1500.00,438.00,50.20,906.8,56.90
2026-07-28 08:00,1250.00,1500.00,438.00,50.20,906.8,56.90
2026-07-28 08:15,1250.00,1500.00,438.00,50.20,906.8,56.90
2026-07-28 08:30,1250.00,1500.00,438.00,50.20,906.8,56.90
2026-07-28 08:45,1240.00,1500.00,438.00,50.20,906.8,56.90
2026-07-28 09:00,1250.00,1500.00,438.00,50.20,906.8,56.90
2026-07-28 09:15,1250.00,1500.00,435.00,50.20,909.8,56.90
2026-07-28 09:30,1250.00,1500.00,438.00,50.20,906.8,56.90
2026-07-28 09:45,1250.00,1500.00,435.00,50.20,909.8,56.90
2026-07-28 10:00,1250.00,1500.00,435.00,50.20,909.8,56.90
2026-07-28 10:15,1250.00,1500.00,438.00,50.20,906.8,57.60
2026-07-28 10:30,1250.00,1500.00,438.00,50.20,906.8,57.60
2026-07-28 10:45,1250.00,1500.00,438.00,50.20,906.8,56.90
2026-07-28 11:00,1250.00,1500.00,438.00,50.20,906.8,57.60
2026-07-28 11:15,1250.00,1500.00,438.00,50.20,906.8,57.60
2026-07-28 11:30,1250.00,1500.00,441.00,50.20,903.8,57.60
2026-07-28 11:45,1250.00,1500.00,438.00,50.20,906.8,57.60
2026-07-28 12:00,1250.00,1490.00,438.00,50.20,897.5,57.60
2026-07-28 12:15,1250.00,1490.00,438.00,50.20,897.5,57.60
2026-07-28 12:30,1250.00,1490.00,438.00,50.20,897.5,57.60
2026-07-28 12:45,1250.00,1490.00,438.00,50.20,897.5,57.60
2026-07-28 13:00,1250.00,1490.00,438.00,50.20,897.5,57.60
2026-07-28 13:15,1250.00,1490.00,441.00,50.20,894.5,57.60
2026-07-28 13:30,1250.00,1490.00,441.00,50.20,894.5,57.60
2026-07-28 13:45,1250.00,1490.00,438.00,50.20,897.5,56.90
2026-07-28 14:00,1250.00,1490.00,441.00,50.20,894.5,56.90
2026-07-28 14:15,1250.00,1490.00,441.00,49.60,895.1,56.90
2026-07-28 14:30,1250.00,1490.00,441.00,49.60,895.1,56.90
2026-07-28 14:45,1250.00,1480.00,438.00,50.20,888.2,56.90
2026-07-28 15:00,1250.00,1480.00,438.00,50.20,888.2,56.90
2026-07-28 15:15,1250.00,1480.00,438.00,50.20,888.2,56.90
2026-07-28 15:30,1250.00,1480.00,438.00,50.20,888.2,56.90
2026-07-28 15:45,1250.00,1480.00,438.00,50.20,888.2,56.90
2026-07-28 16:00,1250.00,1480.00,438.00,50.20,888.2,56.90
2026-07-28 16:15,1250.00,1480.00,438.00,50.20,888.2,56.90
2026-07-28 16:30,1250.00,1480.00,441.00,50.20,885.2,56.90
2026-07-28 16:45,1250.00,1480.00,438.00,50.20,888.2,56.20
2026-07-28 17:00,1250.00,1480.00,438.00,50.20,888.2,56.20
2026-07-28 17:15,1250.00,1480.00,438.00,50.20,888.2,56.20
2026-07-28 17:30,1250.00,1480.00,441.00,50.20,885.2,56.20
2026-07-28 17:45,1260.00,1480.00,438.00,49.60,888.8,56.20
2026-07-28 18:00,1250.00,1480.00,438.00,50.20,888.2,56.20
2026-07-28 18:15,1250.00,1480.00,441.00,49.60,885.8,56.20
2026-07-28 18:30,1260.00,1480.00,441.00,50.20,885.2,56.20
2026-07-28 18:45,1250.00,1480.00,438.00,50.20,888.2,56.20
2026-07-28 19:00,1250.00,1480.00,441.00,50.20,885.2,56.20
2026-07-28 19:15,1250.00,1480.00,438.00,50.20,888.2,56.20
2026-07-28 19:30,1250.00,1480.00,441.00,50.20,885.2,56.20
2026-07-28 19:45,1250.00,1480.00,438.00,50.20,888.2,56.20
2026-07-28 20:00,1250.00,1470.00,438.00,50.20,878.9,56.20
2026-07-28 20:15,1250.00,1470.00,441.00,50.20,875.9,56.20
2026-07-28 20:30,1250.00,1470.00,441.00,50.20,875.9,56.20
2026-07-28 20:45,1250.00,1470.00,438.00,50.20,878.9,56.20
2026-07-28 21:00,1250.00,1470.00,438.00,50.20,878.9,55.50
2026-07-28 21:15,1250.00,1470.00,438.00,50.20,878.9,55.50
2026-07-28 21:30,1250.00,1470.00,438.00,50.20,878.9,55.50
2026-07-28 21:45,1250.00,1470.00,435.00,50.20,881.9,55.50
2026-07-28 22:00,1250.00,1470.00,438.00,50.20,878.9,55.50
2026-07-28 22:15,1250.00,1470.00,438.00,50.20,878.9,56.20
2026-07-28 22:30,1250.00,1470.00,438.00,50.20,878.9,55.50
2026-07-28 22:45,1250.00,1470.00,438.00,50.20,878.9,55.50
2026-07-28 23:00,1250.00,1470.00,438.00,50.20,878.9,55.50
2026-07-28 23:15,1250.00,1470.00,438.00,50.20,878.9,55.50
2026-07-28 23:30,1250.00,1470.00,438.00,50.20,878.9,55.50
2026-07-28 23:45,1250.00,1470.00,441.00,50.20,875.9,55.50
2026-07-29 00:00,1250.00,1470.00,438.00,50.20,878.9,55.50
2026-07-29 00:15,1250.00,1470.00,438.00,50.20,878.9,55.50
2026-07-29 00:30,1250.00,1470.00,438.00,50.20,878.9,55.50
2026-07-29 00:45,1250.00,1470.00,438.00,50.20,878.9,56.20
2026-07-29 01:00,1250.00,1470.00,438.00,50.20,878.9,55.50
2026-07-29 01:15,1250.00,1470.00,438.00,50.20,878.9,55.50
2026-07-29 01:30,1250.00,1470.00,435.00,50.20,881.9,55.50
2026-07-29 01:45,1250.00,1470.00,441.00,50.20,875.9,55.50
2026-07-29 02:00,1250.00,1470.00,441.00,50.20,875.9,55.50
2026-07-29 02:15,1250.00,1460.00,438.00,50.20,869.6,55.50
2026-07-29 02:30,1250.00,1460.00,438.00,50.20,869.6,55.50
2026-07-29 02:45,1250.00,1460.00,435.00,50.20,872.6,55.50
2026-07-29 03:00,1250.00,1470.00,438.00,50.20,878.9,55.50
2026-07-29 03:15,1250.00,1460.00,438.00,50.20,869.6,55.50
2026-07-29 03:30,1250.00,1460.00,438.00,50.20,869.6,55.50
2026-07-29 03:45,1250.00,1460.00,438.00,50.20,869.6,55.50
2026-07-29 04:00,1250.00,1460.00,438.00,50.20,869.6,56.20
2026-07-29 04:15,1250.00,1460.00,438.00,50.20,869.6,55.50
2026-07-29 04:30,1250.00,1460.00,438.00,50.20,869.6,55.50
2026-07-29 04:45,1250.00,1460.00,438.00,50.20,869.6,55.50
2026-07-29 05:00,1250.00,1460.00,438.00,50.20,869.6,55.50
2026-07-29 05:15,1250.00,1460.00,438.00,50.20,869.6,55.50
2026-07-29 05:30,1250.00,1460.00,435.00,50.20,872.6,55.50
2026-07-29 05:45,1250.00,1460.00,435.00,50.20,872.6,55.50
2026-07-29 06:00,1250.00,1460.00,435.00,50.20,872.6,55.50
2026-07-29 06:15,1250.00,1460.00,435.00,50.20,872.6,56.20
2026-07-29 06:30,1260.00,1460.00,438.00,50.20,869.6,55.50
2026-07-29 06:45,1250.00,1460.00,438.00,50.20,869.6,55.50
2026-07-29 07:00,1250.00,1460.00,435.00,50.20,872.6,55.50
2026-07-29 07:15,1250.00,1460.00,438.00,50.20,869.6,55.50
2026-07-29 07:30,1250.00,1460.00,438.00,50.20,869.6,55.50
2026-07-29 07:45,1250.00,1460.00,435.00,50.20,872.6,55.50
2026-07-29 08:00,1250.00,1460.00,435.00,50.20,872.6,55.50
2026-07-29 08:15,1250.00,1460.00,438.00,50.20,869.6,55.50
2026-07-29 08:30,1250.00,1460.00,435.00,50.20,872.6,55.50
2026-07-29 08:45,1250.00,1460.00,438.00,50.20,869.6,55.50
2026-07-29 09:00,1250.00,1460.00,438.00,50.20,869.6,55.50
2026-07-29 09:15,1250.00,1460.00,438.00,50.20,869.6,55.50
2026-07-29 09:30,1250.00,1460.00,438.00,50.20,869.6,55.50
2026-07-29 09:45,1250.00,1460.00,441.00,50.20,866.6,55.50
2026-07-29 10:00,1250.00,1460.00,435.00,50.20,872.6,55.50
2026-07-29 10:15,1250.00,1460.00,441.00,50.20,866.6,55.50
2026-07-29 10:30,1250.00,1460.00,438.00,50.20,869.6,55.50
2026-07-29 10:45,1250.00,1460.00,435.00,50.20,872.6,55.50
2026-07-29 11:00,1260.00,1460.00,438.00,50.20,869.6,55.50
2026-07-29 11:15,1250.00,1460.00,438.00,50.20,869.6,55.50
2026-07-29 11:30,1250.00,1460.00,441.00,50.20,866.6,55.50
2026-07-29 11:45,1250.00,1460.00,435.00,50.20,872.6,55.50
2026-07-29 12:00,1250.00,1460.00,438.00,50.20,869.6,55.50
2026-07-29 12:15,1250.00,1460.00,438.00,50.20,869.6,55.50
2026-07-29 12:30,1250.00,1460.00,438.00,50.20,869.6,55.50
2026-07-29 12:45,1250.00,1460.00,438.00,50.20,869.6,55.50
2026-07-29 13:00,1250.00,1460.00,438.00,50.20,869.6,55.50
2026-07-29 13:15,1250.00,1460.00,438.00,50.20,869.6,55.50
2026-07-29 13:30,1250.00,1460.00,438.00,50.20,869.6,55.50
2026-07-29 13:45,1250.00,1460.00,438.00,50.20,869.6,55.50
2026-07-29 14:00,1250.00,1460.00,438.00,50.20,869.6,55.50
2026-07-29 14:15,1250.00,1460.00,438.00,50.20,869.6,55.50
2026-07-29 14:30,1250.00,1460.00,438.00,50.20,869.6,55.50
2026-07-29 14:45,1250.00,1460.00,438.00,50.20,869.6,55.50
2026-07-29 15:00,1250.00,1460.00,433.00,50.20,874.6,55.50
2026-07-29 15:15,1250.00,1460.00,438.00,50.20,869.6,55.50
2026-07-29 15:30,1250.00,1460.00,435.00,50.20,872.6,55.50
2026-07-29 15:45,1250.00,1460.00,438.00,50.20,869.6,54.90
2026-07-29 16:00,1260.00,1460.00,438.00,50.20,869.6,54.90
2026-07-29 16:15,1250.00,1460.00,438.00,50.20,869.6,54.90
2026-07-29 16:30,1250.00,1460.00,435.00,50.20,872.6,54.90
2026-07-29 16:45,1250.00,1460.00,438.00,50.20,869.6,54.90
2026-07-29 17:00,1250.00,1460.00,438.00,50.20,869.6,54.90
2026-07-29 17:15,1250.00,1460.00,438.00,50.20,869.6,54.90
2026-07-29 17:30,1260.00,1450.00,438.00,50.20,860.3,54.90
2026-07-29 17:45,1250.00,1460.00,438.00,50.20,869.6,54.90
2026-07-29 18:00,1260.00,1450.00,438.00,50.20,860.3,54.90
2026-07-29 18:15,1250.00,1460.00,438.00,50.20,869.6,54.90
2026-07-29 18:30,1260.00,1460.00,435.00,50.20,872.6,54.90
2026-07-29 18:45,1250.00,1460.00,438.00,50.20,869.6,54.90
2026-07-29 19:00,1250.00,1460.00,435.00,50.20,872.6,54.90
2026-07-29 19:15,1250.00,1460.00,438.00,50.20,869.6,54.90
2026-07-29 19:30,1250.00,1450.00,438.00,50.20,860.3,54.90
2026-07-29 19:45,1250.00,1450.00,438.00,50.20,860.3,54.90
2026-07-29 20:00,1250.00,1450.00,438.00,50.20,860.3,54.90
2026-07-29 20:15,1250.00,1450.00,438.00,50.20,860.3,54.90
2026-07-29 20:30,1250.00,1450.00,438.00,50.20,860.3,54.90
2026-07-29 20:45,1250.00,1450.00,438.00,50.20,860.3,54.90
2026-07-29 21:00,1250.00,1460.00,435.00,50.20,872.6,54.90
2026-07-29 21:15,1260.00,1460.00,438.00,50.20,869.6,54.90
2026-07-29 21:30,1250.00,1450.00,435.00,50.20,863.3,54.90
2026-07-29 21:45,1260.00,1460.00,435.00,50.20,872.6,54.90
2026-07-29 22:00,1250.00,1460.00,435.00,50.20,872.6,54.90
2026-07-29 22:15,1250.00,1450.00,438.00,50.20,860.3,54.90
2026-07-29 22:30,1250.00,1450.00,435.00,50.20,863.3,54.90
2026-07-29 22:45,1250.00,1460.00,435.00,50.20,872.6,54.90
2026-07-29 23:00,1250.00,1450.00,438.00,50.20,860.3,54.90
2026-07-29 23:15,1250.00,1450.00,433.00,50.20,865.3,54.90
2026-07-29 23:30,1250.00,1450.00,438.00,50.20,860.3,54.90
2026-07-29 23:45,1250.00,1460.00,438.00,50.20,869.6,54.90
2026-07-30 00:00,1250.00,1450.00,435.00,50.20,863.3,54.90
2026-07-30 00:15,1250.00,1450.00,435.00,50.20,863.3,54.90
2026-07-30 00:30,1250.00,1460.00,438.00,50.20,869.6,54.90
2026-07-30 00:45,1250.00,1460.00,435.00,50.20,872.6,54.90
2026-07-30 01:00,1260.00,1450.00,438.00,50.20,860.3,54.90
2026-07-30 01:15,1250.00,1450.00,435.00,50.20,863.3,54.90
2026-07-30 01:30,1250.00,1450.00,438.00,50.20,860.3,54.90
2026-07-30 01:45,1250.00,1460.00,438.00,50.20,869.6,54.90
2026-07-30 02:00,1250.00,1450.00,438.00,50.20,860.3,54.90
2026-07-30 02:15,1250.00,1450.00,438.00,50.20,860.3,54.90
2026-07-30 02:30,1250.00,1450.00,438.00,50.20,860.3,54.90
2026-07-30 02:45,1250.00,1450.00,435.00,50.20,863.3,54.90
2026-07-30 03:00,1250.00,1460.00,438.00,50.20,869.6,54.90
2026-07-30 03:15,1260.00,1450.00,438.00,50.20,860.3,54.90
2026-07-30 03:30,1260.00,1450.00,435.00,50.20,863.3,54.90
2026-07-30 03:45,1250.00,1450.00,438.00,50.20,860.3,54.90
2026-07-30 04:00,1260.00,1460.00,438.00,50.20,869.6,54.90
2026-07-30 04:15,1260.00,1450.00,435.00,50.20,863.3,54.90
2026-07-30 04:30,1250.00,1460.00,438.00,50.20,869.6,54.90
2026-07-30 04:45,1250.00,1450.00,438.00,50.20,860.3,54.90
2026-07-30 05:00,1250.00,1450.00,438.00,50.20,860.3,54.90
2026-07-30 05:15,1250.00,1450.00,438.00,50.20,860.3,54.90
2026-07-30 05:30,1250.00,1450.00,438.00,50.20,860.3,54.90
2026-07-30 05:45,1250.00,1450.00,435.00,50.20,863.3,54.90
2026-07-30 06:00,1250.00,1450.00,438.00,50.20,860.3,54.90
2026-07-30 06:15,1250.00,1450.00,435.00,50.20,863.3,54.90
2026-07-30 06:30,1250.00,1450.00,438.00,50.20,860.3,54.90
2026-07-30 06:45,1250.00,1450.00,438.00,50.20,860.3,54.90
2026-07-30 07:00,1250.00,1450.00,435.00,50.20,863.3,54.90
2026-07-30 07:15,1250.00,1450.00,435.00,50.20,863.3,54.90
2026-07-30 07:30,1250.00,1450.00,435.00,50.20,863.3,54.90
2026-07-30 07:45,1260.00,1450.00,435.00,50.20,863.3,54.90
2026-07-30 08:00,1250.00,1460.00,435.00,50.20,872.6,54.90
2026-07-30 08:15,1250.00,1460.00,435.00,50.20,872.6,54.90
2026-07-30 08:30,1250.00,1450.00,435.00,50.20,863.3,54.90
2026-07-30 08:45,1250.00,1460.00,435.00,50.20,872.6,54.90
2026-07-30 09:00,1250.00,1460.00,438.00,50.20,869.6,54.90
2026-07-30 09:15,1250.00,1450.00,435.00,50.20,863.3,54.90
2026-07-30 09:30,1250.00,1450.00,438.00,50.20,860.3,54.90
2026-07-30 09:45,1250.00,1460.00,435.00,50.20,872.6,54.90
2026-07-30 10:00,1260.00,1450.00,435.00,50.20,863.3,54.90
2026-07-30 10:15,1250.00,1460.00,435.00,50.20,872.6,54.90
2026-07-30 10:30,1250.00,1460.00,435.00,50.20,872.6,54.90
2026-07-30 10:45,1250.00,1450.00,435.00,50.20,863.3,54.90
2026-07-30 11:00,1250.00,1460.00,438.00,50.20,869.6,54.90
2026-07-30 11:15,1250.00,1450.00,435.00,50.20,863.3,54.90
2026-07-30 11:30,1250.00,1450.00,435.00,50.20,863.3,54.90
2026-07-30 11:45,1250.00,1450.00,438.00,50.20,860.3,54.90
2026-07-30 12:00,1250.00,1450.00,435.00,50.20,863.3,54.90
2026-07-30 12:15,1250.00,1450.00,438.00,50.20,860.3,54.90
2026-07-30 12:30,1250.00,1450.00,435.00,50.20,863.3,54.90
2026-07-30 12:45,1260.00,1450.00,438.00,50.20,860.3,54.90
2026-07-30 13:00,1260.00,1460.00,438.00,50.20,869.6,54.90
2026-07-30 13:15,1260.00,1450.00,438.00,50.20,860.3,54.90
2026-07-30 13:30,1250.00,1450.00,441.00,50.20,857.3,54.90
2026-07-30 13:45,1260.00,1450.00,438.00,50.20,860.3,54.90
2026-07-30 14:00,1250.00,1450.00,438.00,50.20,860.3,54.90
2026-07-30 14:15,1250.00,1450.00,438.00,50.20,860.3,54.90
2026-07-30 14:30,1260.00,1450.00,438.00,50.20,860.3,54.90
2026-07-30 14:45,1250.00,1450.00,438.00,50.20,860.3,54.90
2026-07-30 15:00,1250.00,1450.00,438.00,50.20,860.3,54.90
2026-07-30 15:15,1250.00,1450.00,435.00,50.20,863.3,54.90
2026-07-30 15:30,1260.00,1450.00,435.00,50.20,863.3,54.20
2026-07-30 15:45,1260.00,1450.00,438.00,50.20,860.3,54.20
2026-07-30 16:00,1250.00,1450.00,438.00,50.20,860.3,54.20
2026-07-30 16:15,1260.00,1450.00,438.00,50.20,860.3,54.20
2026-07-30 16:30,1260.00,1450.00,438.00,50.20,860.3,54.20
2026-07-30 16:45,1260.00,1450.00,438.00,50.20,860.3,54.20
2026-07-30 17:00,1250.00,1450.00,435.00,49.60,863.9,54.20
2026-07-30 17:15,1250.00,1450.00,438.00,49.60,860.9,54.20
2026-07-30 17:30,1250.00,1450.00,435.00,49.60,863.9,54.20
2026-07-30 17:45,1250.00,1450.00,438.00,49.60,860.9,54.20
2026-07-30 18:00,1250.00,1450.00,438.00,49.60,860.9,54.20
2026-07-30 18:15,1260.00,1450.00,435.00,49.60,863.9,54.20
2026-07-30 18:30,1260.00,1450.00,438.00,50.20,860.3,54.20
2026-07-30 18:45,1260.00,1450.00,438.00,50.20,860.3,54.20
2026-07-30 19:00,1260.00,1450.00,438.00,50.20,860.3,54.20
2026-07-30 19:15,1260.00,1450.00,438.00,50.20,860.3,54.20
2026-07-30 19:30,1260.00,1450.00,438.00,50.20,860.3,54.20
2026-07-30 19:45,1260.00,1450.00,438.00,50.20,860.3,54.20
2026-07-30 20:00,1250.00,1450.00,435.00,50.20,863.3,54.20
2026-07-30 20:15,1260.00,1450.00,438.00,50.20,860.3,54.20
2026-07-30 20:30,1260.00,1450.00,438.00,50.20,860.3,54.20
2026-07-30 20:45,1260.00,1450.00,438.00,50.20,860.3,54.20
2026-07-30 21:00,1260.00,1450.00,438.00,50.20,860.3,54.20
2026-07-30 21:15,1250.00,1450.00,438.00,50.20,860.3,54.20
2026-07-30 21:30,1260.00,1450.00,435.00,50.20,863.3,54.20
2026-07-30 21:45,1260.00,1450.00,438.00,50.20,860.3,54.20
2026-07-30 22:00,1260.00,1450.00,438.00,50.20,860.3,54.20
2026-07-30 22:15,1250.00,1450.00,435.00,50.20,863.3,54.20
2026-07-30 22:30,1260.00,1450.00,438.00,50.20,860.3,54.20
2026-07-30 22:45,1250.00,1450.00,435.00,50.20,863.3,54.20
2026-07-30 23:00,1260.00,1450.00,438.00,50.20,860.3,54.20
2026-07-30 23:15,1260.00,1450.00,435.00,50.20,863.3,54.20
2026-07-30 23:30,1250.00,1450.00,435.00,50.20,863.3,54.20
2026-07-30 23:45,1260.00,1450.00,435.00,50.20,863.3,54.20
2026-07-31 00:00,1260.00,1450.00,435.00,50.20,863.3,54.20
2026-07-31 00:15,1250.00,1450.00,438.00,50.20,860.3,54.20
2026-07-31 00:30,1260.00,1450.00,438.00,50.20,860.3,54.20
2026-07-31 00:45,1260.00,1450.00,435.00,50.20,863.3,54.20
2026-07-31 01:00,1250.00,1450.00,435.00,50.20,863.3,54.20
2026-07-31 01:15,1250.00,1450.00,438.00,50.20,860.3,54.20
2026-07-31 01:30,1250.00,1450.00,435.00,50.20,863.3,54.20
2026-07-31 01:45,1250.00,1450.00,438.00,50.20,860.3,54.20
2026-07-31 02:00,1260.00,1450.00,435.00,50.20,863.3,54.20
2026-07-31 02:15,1250.00,1450.00,435.00,50.20,863.3,54.20
2026-07-31 02:30,1260.00,1450.00,438.00,50.20,860.3,54.20
2026-07-31 02:45,1260.00,1450.00,438.00,50.20,860.3,54.20
2026-07-31 03:00,1250.00,1450.00,435.00,50.20,863.3,54.20
2026-07-31 03:15,1250.00,1450.00,438.00,50.20,860.3,54.20
2026-07-31 03:30,1250.00,1450.00,435.00,50.20,863.3,54.20
2026-07-31 03:45,1250.00,1450.00,435.00,50.20,863.3,54.20
2026-07-31 04:00,1250.00,1450.00,435.00,50.20,863.3,54.20
2026-07-31 04:15,1250.00,1450.00,433.00,50.20,865.3,54.20
2026-07-31 04:30,1250.00,1450.00,435.00,50.20,863.3,54.20
2026-07-31 04:45,1260.00,1440.00,435.00,50.20,854.0,54.20
2026-07-31 05:00,1260.00,1450.00,435.00,50.20,863.3,54.20
2026-07-31 05:15,1260.00,1440.00,438.00,50.20,851.0,54.20
2026-07-31 05:30,1250.00,1450.00,438.00,50.20,860.3,54.20
2026-07-31 05:45,1260.00,1440.00,435.00,50.20,854.0,54.20
2026-07-31 06:00,1260.00,1450.00,435.00,50.20,863.3,54.20
2026-07-31 06:15,1260.00,1440.00,438.00,50.20,851.0,54.20
2026-07-31 06:30,1250.00,1450.00,438.00,50.20,860.3,54.20
2026-07-31 06:45,1250.00,1450.00,438.00,50.20,860.3,54.20
2026-07-31 07:00,1260.00,1450.00,435.00,50.20,863.3,54.20
2026-07-31 07:15,1250.00,1450.00,435.00,50.20,863.3,54.20
2026-07-31 07:30,1250.00,1440.00,435.00,50.20,854.0,54.20
2026-07-31 07:45,1250.00,1440.00,438.00,50.20,851.0,54.20
2026-07-31 08:00,1250.00,1440.00,435.00,50.20,854.0,54.20
2026-07-31 08:15,1260.00,1440.00,435.00,50.20,854.0,54.20
2026-07-31 08:30,1250.00,1440.00,438.00,50.20,851.0,54.20
2026-07-31 08:45,1250.00,1450.00,435.00,50.20,863.3,54.20
2026-07-31 09:00,1260.00,1450.00,435.00,50.20,863.3,54.20
2026-07-31 09:15,1260.00,1450.00,435.00,50.80,862.7,54.20
2026-07-31 09:30,1250.00,1450.00,438.00,50.20,860.3,54.20
2026-07-31 09:45,1260.00,1450.00,438.00,50.20,860.3,54.20
2026-07-31 10:00,1250.00,1450.00,435.00,50.20,863.3,54.20
2026-07-31 10:15,1260.00,1450.00,435.00,50.20,863.3,54.20
2026-07-31 10:30,1260.00,1450.00,435.00,50.20,863.3,54.20
2026-07-31 10:45,1250.00,1450.00,435.00,50.20,863.3,54.20
2026-07-31 11:00,1260.00,1450.00,438.00,50.20,860.3,54.20
2026-07-31 11:15,1260.00,1450.00,438.00,50.20,860.3,54.20
2026-07-31 11:30,1250.00,1450.00,438.00,50.20,860.3,54.20
2026-07-31 11:45,1260.00,1450.00,435.00,50.20,863.3,54.20
2026-07-31 12:00,1260.00,1450.00,441.00,50.20,857.3,54.20
2026-07-31 12:15,1260.00,1450.00,438.00,50.20,860.3,54.20
2026-07-31 12:30,1260.00,1450.00,438.00,50.20,860.3,54.20
2026-07-31 12:45,1260.00,1450.00,438.00,50.20,860.3,54.20
2026-07-31 13:00,1260.00,1450.00,438.00,50.20,860.3,54.20
2026-07-31 13:15,1260.00,1450.00,438.00,50.20,860.3,54.20
2026-07-31 13:30,1260.00,1450.00,438.00,50.20,860.3,54.20
2026-07-31 13:45,1250.00,1450.00,438.00,50.20,860.3,54.20
2026-07-31 14:00,1260.00,1450.00,435.00,50.20,863.3,54.20
2026-07-31 14:15,1260.00,1450.00,438.00,50.20,860.3,54.20
2026-07-31 14:30,1260.00,1450.00,435.00,50.20,863.3,54.20
2026-07-31 14:45,1260.00,1450.00,438.00,50.20,860.3,54.20
2026-07-31 15:00,1260.00,1450.00,435.00,50.20,863.3,54.20
2026-07-31 15:15,1260.00,1450.00,438.00,50.20,860.3,54.20
2026-07-31 15:30,1260.00,1450.00,438.00,50.20,860.3,54.20
2026-07-31 15:45,1260.00,1450.00,438.00,50.20,860.3,54.20
2026-07-31 16:00,1260.00,1450.00,438.00,50.20,860.3,54.20
2026-07-31 16:15,1260.00,1450.00,438.00,50.20,860.3,53.50
2026-07-31 16:30,1260.00,1450.00,438.00,50.20,860.3,53.50
2026-07-31 16:45,1260.00,1450.00,438.00,50.20,860.3,54.20
2026-07-31 17:00,1260.00,1450.00,438.00,50.20,860.3,54.20
2026-07-31 17:15,1260.00,1450.00,435.00,49.60,863.9,54.20
2026-07-31 17:30,1260.00,1450.00,438.00,50.20,860.3,53.50
2026-07-31 17:45,1260.00,1450.00,438.00,50.20,860.3,54.20
2026-07-31 18:00,1260.00,1450.00,438.00,50.20,860.3,54.20
2026-07-31 18:15,1270.00,1450.00,438.00,50.20,860.3,53.50
2026-07-31 18:30,1260.00,1440.00,438.00,50.20,851.0,53.50
2026-07-31 18:45,1260.00,1440.00,438.00,50.20,851.0,53.50
2026-07-31 19:00,1260.00,1450.00,435.00,50.20,863.3,53.50
2026-07-31 19:15,1260.00,1450.00,435.00,50.20,863.3,53.50
2026-07-31 19:30,1260.00,1440.00,438.00,50.20,851.0,53.50
2026-07-31 19:45,1260.00,1450.00,438.00,50.20,860.3,53.50
2026-07-31 20:00,1260.00,1450.00,435.00,50.20,863.3,53.50
2026-07-31 20:15,1260.00,1450.00,435.00,50.20,863.3,53.50
2026-07-31 20:30,1270.00,1440.00,435.00,50.20,854.0,53.50
2026-07-31 20:45,1260.00,1450.00,435.00,50.20,863.3,53.50
2026-07-31 21:00,1260.00,1440.00,438.00,50.20,851.0,53.50
2026-07-31 21:15,1260.00,1440.00,438.00,50.20,851.0,53.50
2026-07-31 21:30,1260.00,1440.00,435.00,50.20,854.0,53.50
2026-07-31 21:45,1250.00,1440.00,435.00,50.20,854.0,53.50
2026-07-31 22:00,1260.00,1450.00,438.00,50.20,860.3,53.50
2026-07-31 22:15,1260.00,1450.00,435.00,50.20,863.3,53.50
2026-07-31 22:30,1250.00,1450.00,435.00,50.20,863.3,53.50
2026-07-31 22:45,1260.00,1440.00,438.00,50.20,851.0,53.50
2026-07-31 23:00,1260.00,1450.00,435.00,50.20,863.3,53.50
2026-07-31 23:15,1260.00,1450.00,435.00,50.20,863.3,53.50
2026-07-31 23:30,1260.00,1440.00,438.00,50.20,851.0,53.50
2026-07-31 23:45,1260.00,1450.00,435.00,50.20,863.3,53.50
2026-08-01 00:00,1270.00,1450.00,438.00,50.20,860.3,53.50
2026-08-01 00:15,1270.00,1440.00,438.00,50.20,851.0,53.50
2026-08-01 00:30,1260.00,1450.00,438.00,50.20,860.3,53.50
2026-08-01 00:45,1260.00,1440.00,435.00,50.20,854.0,53.50
2026-08-01 01:00,1260.00,1450.00,438.00,50.20,860.3,53.50
2026-08-01 01:15,1260.00,1450.00,438.00,50.20,860.3,53.50
2026-08-01 01:30,1260.00,1450.00,435.00,50.20,863.3,53.50
2026-08-01 01:45,1260.00,1450.00,435.00,50.20,863.3,53.50
2026-08-01 02:00,1260.00,1440.00,435.00,50.20,854.0,53.50
2026-08-01 02:15,1260.00,1450.00,435.00,50.20,863.3,53.50
2026-08-01 02:30,1250.00,1450.00,435.00,50.20,863.3,53.50
2026-08-01 02:45,1260.00,1440.00,435.00,50.20,854.0,53.50
2026-08-01 03:00,1260.00,1450.00,435.00,50.20,863.3,53.50
2026-08-01 03:15,1260.00,1450.00,435.00,50.20,863.3,53.50
2026-08-01 03:30,1250.00,1450.00,435.00,50.20,863.3,53.50
2026-08-01 03:45,1270.00,1450.00,435.00,50.20,863.3,53.50
2026-08-01 04:00,1260.00,1450.00,435.00,50.20,863.3,53.50
2026-08-01 04:15,1260.00,1450.00,435.00,50.20,863.3,53.50
2026-08-01 04:30,1270.00,1450.00,435.00,50.80,862.7,53.50
2026-08-01 04:45,1260.00,1450.00,435.00,50.20,863.3,53.50
2026-08-01 05:00,1260.00,1450.00,435.00,50.20,863.3,53.50
2026-08-01 05:15,1260.00,1450.00,438.00,50.80,859.7,53.50
2026-08-01 05:30,1260.00,1450.00,435.00,50.80,862.7,53.50
2026-08-01 05:45,1260.00,1450.00,435.00,50.20,863.3,53.50
2026-08-01 06:00,1260.00,1450.00,435.00,50.20,863.3,53.50
2026-08-01 06:15,1260.00,1450.00,438.00,50.20,860.3,53.50
2026-08-01 06:30,1260.00,1440.00,435.00,50.20,854.0,53.50
2026-08-01 06:45,1260.00,1450.00,438.00,50.20,860.3,53.50
2026-08-01 07:00,1260.00,1450.00,438.00,50.20,860.3,52.80
2026-08-01 07:15,1260.00,1450.00,438.00,50.20,860.3,53.50
2026-08-01 07:30,1260.00,1450.00,435.00,50.20,863.3,53.50
2026-08-01 07:45,1260.00,1450.00,435.00,50.20,863.3,52.80
2026-08-01 08:00,1260.00,1450.00,435.00,50.20,863.3,52.80
2026-08-01 08:15,1260.00,1440.00,435.00,50.20,854.0,53.50
2026-08-01 08:30,1270.00,1450.00,438.00,50.20,860.3,52.80
2026-08-01 08:45,1260.00,1450.00,433.00,50.20,865.3,52.80
2026-08-01 09:00,1260.00,1450.00,433.00,50.20,865.3,52.80
2026-08-01 09:15,1260.00,1440.00,433.00,50.20,856.0,53.50
2026-08-01 09:30,1260.00,1450.00,438.00,50.20,860.3,52.80
2026-08-01 09:45,1260.00,1440.00,435.00,50.20,854.0,52.80
2026-08-01 10:00,1260.00,1440.00,435.00,50.20,854.0,53.50
2026-08-01 10:15,1260.00,1450.00,435.00,50.20,863.3,52.80
2026-08-01 10:30,1260.00,1440.00,435.00,50.20,854.0,53.50
2026-08-01 10:45,1260.00,1450.00,435.00,50.20,863.3,53.50
2026-08-01 11:00,1260.00,1450.00,435.00,50.20,863.3,52.80
2026-08-01 11:15,1260.00,1440.00,435.00,50.20,854.0,52.80
2026-08-01 11:30,1260.00,1450.00,435.00,50.20,863.3,53.50
2026-08-01 11:45,1260.00,1440.00,435.00,50.20,854.0,52.80
2026-08-01 12:00,1260.00,1440.00,438.00,50.20,851.0,52.80
2026-08-01 12:15,1260.00,1440.00,435.00,50.20,854.0,52.80
2026-08-01 12:30,1260.00,1440.00,438.00,50.20,851.0,53.50
2026-08-01 12:45,1260.00,1440.00,435.00,50.20,854.0,53.50
2026-08-01 13:00,1260.00,1440.00,435.00,50.20,854.0,53.50
2026-08-01 13:15,1260.00,1440.00,435.00,50.20,854.0,53.50
2026-08-01 13:30,1260.00,1440.00,435.00,50.20,854.0,53.50
2026-08-01 13:45,1260.00,1440.00,438.00,50.20,851.0,52.80
2026-08-01 14:00,1260.00,1440.00,435.00,50.20,854.0,52.80
2026-08-01 14:15,1260.00,1440.00,435.00,50.20,854.0,52.80
2026-08-01 14:30,1260.00,1440.00,438.00,50.20,851.0,52.80
2026-08-01 14:45,1260.00,1440.00,435.00,49.60,854.6,52.80
2026-08-01 15:00,1260.00,1440.00,435.00,49.60,854.6,52.80
2026-08-01 15:15,1260.00,1440.00,435.00,49.60,854.6,52.80
2026-08-01 15:30,1260.00,1440.00,435.00,49.60,854.6,52.80
2026-08-01 15:45,1260.00,1440.00,435.00,49.60,854.6,52.80
2026-08-01 16:00,1260.00,1440.00,435.00,50.20,854.0,52.80
2026-08-01 16:15,1260.00,1440.00,435.00,50.20,854.0,52.80
2026-08-01 16:30,1260.00,1440.00,433.00,50.20,856.0,52.80
2026-08-01 16:45,1260.00,1440.00,438.00,50.20,851.0,52.80
2026-08-01 17:00,1260.00,1440.00,435.00,50.20,854.0,52.80
2026-08-01 17:15,1260.00,1440.00,435.00,50.20,854.0,52.80
2026-08-01 17:30,1260.00,1440.00,435.00,50.20,854.0,52.80
2026-08-01 17:45,1260.00,1440.00,438.00,50.20,851.0,52.80
2026-08-01 18:00,1260.00,1440.00,435.00,50.20,854.0,52.80
2026-08-01 18:15,1260.00,1440.00,435.00,50.20,854.0,52.80
2026-08-01 18:30,1260.00,1440.00,438.00,50.20,851.0,52.80
2026-08-01 18:45,1260.00,1440.00,435.00,50.20,854.0,52.20
2026-08-01 19:00,1260.00,1440.00,435.00,50.20,854.0,52.20
2026-08-01 19:15,1260.00,1440.00,435.00,50.20,854.0,52.20
2026-08-01 19:30,1260.00,1440.00,435.00,50.20,854.0,52.20
2026-08-01 19:45,1260.00,1440.00,435.00,50.20,854.0,52.20
2026-08-01 20:00,1260.00,1440.00,435.00,50.20,854.0,52.20
2026-08-01 20:15,1260.00,1440.00,435.00,50.20,854.0,52.20
2026-08-01 20:30,1260.00,1440.00,435.00,50.20,854.0,52.20
2026-08-01 20:45,1260.00,1440.00,435.00,50.20,854.0,52.20
2026-08-01 21:00,1260.00,1440.00,438.00,50.20,851.0,52.20
2026-08-01 21:15,1260.00,1440.00,435.00,50.20,854.0,52.20
2026-08-01 21:30,1260.00,1440.00,435.00,50.20,854.0,52.20
2026-08-01 21:45,1270.00,1440.00,438.00,50.20,851.0,52.20
2026-08-01 22:00,1260.00,1440.00,435.00,50.20,854.0,52.20
2026-08-01 22:15,1260.00,1440.00,438.00,50.20,851.0,52.20
2026-08-01 22:30,1260.00,1440.00,438.00,50.20,851.0,52.20
2026-08-01 22:45,1260.00,1440.00,438.00,50.20,851.0,52.20
2026-08-01 23:00,1260.00,1440.00,438.00,50.20,851.0,52.20
2026-08-01 23:15,1260.00,1440.00,438.00,50.20,851.0,52.20
2026-08-01 23:30,1260.00,1440.00,438.00,50.20,851.0,52.20
2026-08-01 23:45,1260.00,1440.00,435.00,50.20,854.0,52.20
2026-08-02 00:00,1260.00,1440.00,438.00,50.20,851.0,52.20
2026-08-02 00:15,1260.00,1440.00,438.00,50.20,851.0,52.20
2026-08-02 00:30,1260.00,1440.00,435.00,50.20,854.0,52.20
2026-08-02 00:45,1260.00,1440.00,435.00,50.20,854.0,52.20
2026-08-02 01:00,1260.00,1440.00,438.00,50.20,851.0,52.20
2026-08-02 01:15,1260.00,1440.00,438.00,50.20,851.0,52.20
2026-08-02 01:30,1250.00,1440.00,435.00,50.20,854.0,52.20
2026-08-02 01:45,1250.00,1440.00,435.00,50.20,854.0,52.20
2026-08-02 02:00,1260.00,1440.00,435.00,50.20,854.0,52.20
2026-08-02 02:15,1260.00,1440.00,435.00,50.20,854.0,52.20
2026-08-02 02:30,1260.00,1440.00,435.00,50.20,854.0,52.20
2026-08-02 02:45,1260.00,1440.00,435.00,50.20,854.0,52.20
2026-08-02 03:00,1260.00,1440.00,435.00,50.20,854.0,52.20
2026-08-02 03:15,1260.00,1440.00,435.00,50.20,854.0,52.20
2026-08-02 03:30,1260.00,1440.00,438.00,50.20,851.0,52.20
2026-08-02 03:45,1260.00,1440.00,433.00,50.20,856.0,52.20
2026-08-02 04:00,1260.00,1440.00,433.00,50.20,856.0,52.20
2026-08-02 04:15,1260.00,1440.00,435.00,50.20,854.0,52.20
2026-08-02 04:30,1260.00,1440.00,438.00,50.80,850.4,52.20
2026-08-02 04:45,1260.00,1440.00,435.00,50.20,854.0,52.20
2026-08-02 05:00,1260.00,1440.00,435.00,50.20,854.0,52.20
2026-08-02 05:15,1260.00,1440.00,435.00,50.20,854.0,52.20
2026-08-02 05:30,1250.00,1440.00,438.00,50.20,851.0,52.20
2026-08-02 05:45,1260.00,1440.00,433.00,50.20,856.0,52.20
2026-08-02 06:00,1260.00,1440.00,438.00,50.20,851.0,52.20
2026-08-02 06:15,1260.00,1440.00,435.00,50.80,853.4,52.20
2026-08-02 06:30,1260.00,1440.00,435.00,50.80,853.4,52.20
2026-08-02 06:45,1260.00,1440.00,435.00,50.20,854.0,52.20
2026-08-02 07:00,1260.00,1440.00,435.00,50.20,854.0,52.20
2026-08-02 07:15,1260.00,1440.00,435.00,50.20,854.0,52.20
2026-08-02 07:30,1260.00,1440.00,435.00,50.20,854.0,52.20
2026-08-02 07:45,1260.00,1440.00,438.00,50.20,851.0,52.20
2026-08-02 08:00,1260.00,1440.00,435.00,50.20,854.0,52.20
2026-08-02 08:15,1260.00,1440.00,438.00,50.20,851.0,52.20
2026-08-02 08:30,1260.00,1440.00,435.00,50.20,854.0,52.20
2026-08-02 08:45,1260.00,1440.00,438.00,50.20,851.0,52.20
2026-08-02 09:00,1250.00,1440.00,435.00,50.20,854.0,52.20
2026-08-02 09:15,1260.00,1440.00,438.00,50.20,851.0,52.20
2026-08-02 09:30,1250.00,1440.00,435.00,50.20,854.0,52.20
2026-08-02 09:45,1260.00,1440.00,435.00,50.20,854.0,52.20
2026-08-02 10:00,1260.00,1440.00,435.00,50.20,854.0,52.20
2026-08-02 10:15,1260.00,1440.00,438.00,50.20,851.0,52.20
2026-08-02 10:30,1270.00,1440.00,433.00,50.20,856.0,52.20
2026-08-02 10:45,1270.00,1440.00,435.00,50.20,854.0,52.20
2026-08-02 11:00,1270.00,1440.00,435.00,50.20,854.0,52.20
2026-08-02 11:15,1260.00,1440.00,438.00,50.20,851.0,52.20
2026-08-02 11:30,1260.00,1440.00,438.00,50.20,851.0,52.20
2026-08-02 11:45,1260.00,1440.00,435.00,50.20,854.0,52.20
2026-08-02 12:00,1260.00,1440.00,438.00,50.20,851.0,52.20
2026-08-02 12:15,1270.00,1440.00,435.00,50.20,854.0,52.20
2026-08-02 12:30,1270.00,1440.00,435.00,50.20,854.0,52.20
2026-08-02 12:45,1260.00,1440.00,435.00,50.20,854.0,52.20
2026-08-02 13:00,1270.00,1440.00,435.00,50.20,854.0,52.20
2026-08-02 13:15,1260.00,1440.00,435.00,50.20,854.0,52.20
2026-08-02 13:30,1260.00,1440.00,435.00,50.20,854.0,52.20
2026-08-02 13:45,1260.00,1440.00,435.00,50.20,854.0,52.20
2026-08-02 14:00,1270.00,1440.00,438.00,50.20,851.0,52.20
2026-08-02 14:15,1270.00,1440.00,435.00,50.20,854.0,52.20
2026-08-02 14:30,1260.00,1440.00,438.00,50.20,851.0,52.20
2026-08-02 14:45,1270.00,1440.00,435.00,49.60,854.6,52.20
2026-08-02 15:00,1260.00,1440.00,435.00,49.60,854.6,52.20
2026-08-02 15:15,1270.00,1440.00,441.00,49.60,848.6,52.20
2026-08-02 15:30,1270.00,1440.00,438.00,49.60,851.6,52.20
2026-08-02 15:45,1270.00,1440.00,438.00,49.60,851.6,52.20
2026-08-02 16:00,1270.00,1440.00,438.00,50.20,851.0,52.20
2026-08-02 16:15,1270.00,1440.00,438.00,50.20,851.0,52.20
2026-08-02 16:30,1270.00,1440.00,438.00,49.60,851.6,52.20
2026-08-02 16:45,1270.00,1440.00,438.00,50.20,851.0,52.20
2026-08-02 17:00,1260.00,1440.00,438.00,49.60,851.6,52.20
2026-08-02 17:15,1270.00,1440.00,441.00,49.60,848.6,52.20
2026-08-02 17:30,1270.00,1440.00,438.00,49.60,851.6,52.20
2026-08-02 17:45,1270.00,1440.00,438.00,50.20,851.0,52.20
2026-08-02 18:00,1260.00,1440.00,438.00,50.20,851.0,52.20
2026-08-02 18:15,1270.00,1440.00,435.00,50.20,854.0,52.20
2026-08-02 18:30,1270.00,1440.00,438.00,50.20,851.0,52.20
2026-08-02 18:45,1270.00,1440.00,438.00,50.20,851.0,52.20
2026-08-02 19:00,1270.00,1440.00,438.00,50.20,851.0,52.20
2026-08-02 19:15,1270.00,1440.00,435.00,50.20,854.0,52.20
2026-08-02 19:30,1270.00,1440.00,438.00,50.20,851.0,52.20
2026-08-02 19:45,1270.00,1440.00,438.00,50.20,851.0,51.50
2026-08-02 20:00,1270.00,1440.00,438.00,50.20,851.0,51.50
2026-08-02 20:15,1270.00,1440.00,438.00,50.20,851.0,51.50
2026-08-02 20:30,1270.00,1440.00,438.00,50.20,851.0,51.50
2026-08-02 20:45,1270.00,1440.00,435.00,50.20,854.0,51.50
2026-08-02 21:00,1270.00,1440.00,438.00,50.20,851.0,51.50
2026-08-02 21:15,1270.00,1440.00,438.00,50.20,851.0,51.50
2026-08-02 21:30,1270.00,1440.00,438.00,50.20,851.0,51.50
2026-08-02 21:45,1270.00,1440.00,435.00,50.20,854.0,51.50
2026-08-02 22:00,1270.00,1440.00,435.00,50.20,854.0,51.50
2026-08-02 22:15,1260.00,1440.00,438.00,50.20,851.0,51.50
2026-08-02 22:30,1270.00,1440.00,438.00,50.20,851.0,51.50
2026-08-02 22:45,1270.00,1440.00,435.00,50.20,854.0,51.50
2026-08-02 23:00,1260.00,1440.00,435.00,50.20,854.0,51.50
2026-08-02 23:15,1270.00,1440.00,435.00,50.20,854.0,51.50
2026-08-02 23:30,1260.00,1440.00,438.00,50.20,851.0,51.50
2026-08-02 23:45,1270.00,1440.00,438.00,50.20,851.0,51.50
2026-08-03 00:00,1270.00,1440.00,435.00,50.20,854.0,51.50
2026-08-03 00:15,1270.00,1440.00,438.00,50.20,851.0,51.50
2026-08-03 00:30,1270.00,1440.00,435.00,50.20,854.0,51.50
2026-08-03 00:45,1270.00,1440.00,438.00,50.20,851.0,51.50
2026-08-03 01:00,1270.00,1440.00,435.00,50.80,853.4,51.50
2026-08-03 01:15,1270.00,1440.00,438.00,50.20,851.0,51.50
2026-08-03 01:30,1270.00,1440.00,435.00,50.80,853.4,51.50
2026-08-03 01:45,1270.00,1440.00,435.00,50.80,853.4,51.50
2026-08-03 02:00,1270.00,1440.00,435.00,50.80,853.4,51.50
2026-08-03 02:15,1270.00,1440.00,438.00,50.80,850.4,51.50
2026-08-03 02:30,1270.00,1440.00,438.00,50.80,850.4,51.50
2026-08-03 02:45,1270.00,1440.00,435.00,50.80,853.4,51.50
2026-08-03 03:00,1260.00,1440.00,438.00,50.80,850.4,51.50
2026-08-03 03:15,1270.00,1440.00,435.00,50.80,853.4,51.50
2026-08-03 03:30,1270.00,1440.00,438.00,50.80,850.4,51.50
2026-08-03 03:45,1270.00,1440.00,438.00,50.80,850.4,51.50
2026-08-03 04:00,1270.00,1440.00,435.00,50.80,853.4,51.50
2026-08-03 04:15,1260.00,1440.00,438.00,50.80,850.4,51.50
2026-08-03 04:30,1270.00,1440.00,435.00,50.80,853.4,51.50
2026-08-03 04:45,1270.00,1440.00,438.00,50.20,851.0,51.50
2026-08-03 05:00,1260.00,1440.00,435.00,50.20,854.0,51.50
2026-08-03 05:15,1260.00,1440.00,435.00,50.20,854.0,51.50
2026-08-03 05:30,1260.00,1440.00,435.00,50.20,854.0,51.50
2026-08-03 05:45,1260.00,1440.00,438.00,50.20,851.0,51.50
2026-08-03 06:00,1260.00,1440.00,435.00,50.20,854.0,51.50
2026-08-03 06:15,1260.00,1440.00,435.00,50.20,854.0,51.50
2026-08-03 06:30,1260.00,1440.00,438.00,50.20,851.0,51.50
2026-08-03 06:45,1260.00,1440.00,435.00,50.20,854.0,51.50
2026-08-03 07:00,1260.00,1440.00,441.00,50.20,848.0,51.50
2026-08-03 07:15,1270.00,1440.00,435.00,50.20,854.0,51.50
2026-08-03 07:30,1270.00,1440.00,438.00,50.20,851.0,51.50
2026-08-03 07:45,1270.00,1440.00,438.00,50.20,851.0,51.50
2026-08-03 08:00,1270.00,1440.00,435.00,50.20,854.0,51.50
2026-08-03 08:15,1270.00,1440.00,438.00,50.20,851.0,51.50
2026-08-03 08:30,1260.00,1440.00,438.00,50.20,851.0,51.50
2026-08-03 08:45,1270.00,1440.00,438.00,50.20,851.0,51.50
2026-08-03 09:00,1270.00,1440.00,435.00,50.20,854.0,51.50
2026-08-03 09:15,1270.00,1440.00,438.00,50.20,851.0,51.50
2026-08-03 09:30,1270.00,1440.00,435.00,50.20,854.0,51.50
2026-08-03 09:45,1270.00,1440.00,438.00,50.20,851.0,51.50
2026-08-03 10:00,1270.00,1440.00,435.00,50.20,854.0,51.50
2026-08-03 10:15,1270.00,1440.00,435.00,50.20,854.0,51.50
2026-08-03 10:30,1270.00,1440.00,438.00,50.20,851.0,51.50
2026-08-03 10:45,1270.00,1440.00,438.00,50.20,851.0,52.20
2026-08-03 11:00,1260.00,1440.00,438.00,50.20,851.0,51.50
2026-08-03 11:15,1270.00,1440.00,435.00,50.20,854.0,52.20
2026-08-03 11:30,1270.00,1440.00,438.00,50.20,851.0,52.20
2026-08-03 11:45,1270.00,1440.00,435.00,50.20,854.0,52.20
2026-08-03 12:00,1270.00,1440.00,435.00,50.20,854.0,52.20
2026-08-03 12:15,1270.00,1440.00,438.00,50.20,851.0,52.20
2026-08-03 12:30,1270.00,1440.00,438.00,50.20,851.0,52.20
2026-08-03 12:45,1270.00,1440.00,438.00,50.20,851.0,51.50
2026-08-03 13:00,1270.00,1440.00,435.00,50.20,854.0,52.20
2026-08-03 13:15,1270.00,1440.00,438.00,50.20,851.0,52.20
2026-08-03 13:30,1270.00,1440.00,438.00,50.20,851.0,52.20
2026-08-03 13:45,1270.00,1440.00,438.00,50.20,851.0,52.20
2026-08-03 14:00,1270.00,1440.00,438.00,50.20,851.0,52.20
2026-08-03 14:15,1270.00,1440.00,438.00,50.20,851.0,52.20
2026-08-03 14:30,1270.00,1440.00,438.00,49.60,851.6,51.50
2026-08-03 14:45,1270.00,1440.00,435.00,49.60,854.6,52.20
2026-08-03 15:00,1270.00,1440.00,438.00,49.60,851.6,52.20
2026-08-03 15:15,1270.00,1440.00,438.00,49.60,851.6,51.50
2026-08-03 15:30,1270.00,1440.00,435.00,49.60,854.6,52.20
2026-08-03 15:45,1280.00,1440.00,438.00,49.60,851.6,51.50
2026-08-03 16:00,1270.00,1440.00,438.00,49.60,851.6,51.50
2026-08-03 16:15,1280.00,1440.00,438.00,49.60,851.6,51.50
2026-08-03 16:30,1270.00,1440.00,438.00,50.20,851.0,51.50
2026-08-03 16:45,1270.00,1440.00,435.00,50.20,854.0,51.50
2026-08-03 17:00,1280.00,1440.00,435.00,50.20,854.0,51.50
2026-08-03 17:15,1270.00,1440.00,438.00,50.20,851.0,51.50
2026-08-03 17:30,1270.00,1440.00,435.00,50.20,854.0,51.50
2026-08-03 17:45,1270.00,1440.00,438.00,50.20,851.0,51.50
2026-08-03 18:00,1270.00,1440.00,438.00,50.20,851.0,51.50
2026-08-03 18:15,1280.00,1440.00,435.00,50.20,854.0,51.50
2026-08-03 18:30,1270.00,1440.00,438.00,50.20,851.0,51.50
2026-08-03 18:45,1280.00,1440.00,438.00,50.20,851.0,51.50
2026-08-03 19:00,1280.00,1440.00,438.00,50.20,851.0,51.50
2026-08-03 19:15,1270.00,1440.00,438.00,50.20,851.0,51.50
2026-08-03 19:30,1280.00,1440.00,441.00,50.20,848.0,51.50
2026-08-03 19:45,1280.00,1440.00,438.00,50.20,851.0,51.50
2026-08-03 20:00,1280.00,1440.00,435.00,50.20,854.0,51.50
2026-08-03 20:15,1280.00,1430.00,441.00,50.20,838.7,51.50
2026-08-03 20:30,1270.00,1430.00,441.00,50.20,838.7,51.50
2026-08-03 20:45,1270.00,1440.00,438.00,50.20,851.0,51.50
2026-08-03 21:00,1280.00,1440.00,438.00,50.20,851.0,51.50
2026-08-03 21:15,1270.00,1440.00,435.00,50.20,854.0,51.50
2026-08-03 21:30,1270.00,1440.00,435.00,50.20,854.0,51.50
2026-08-03 21:45,1270.00,1440.00,438.00,50.20,851.0,51.50
2026-08-03 22:00,1280.00,1440.00,438.00,50.20,851.0,51.50
2026-08-03 22:15,1280.00,1440.00,435.00,50.20,854.0,51.50
2026-08-03 22:30,1270.00,1440.00,435.00,50.20,854.0,51.50
2026-08-03 22:45,1270.00,1440.00,435.00,50.20,854.0,51.50
2026-08-03 23:00,1270.00,1440.00,438.00,50.20,851.0,51.50
2026-08-03 23:15,1270.00,1440.00,435.00,50.20,854.0,51.50
2026-08-03 23:30,1270.00,1440.00,435.00,50.20,854.0,50.80
2026-08-03 23:45,1270.00,1440.00,438.00,50.20,851.0,51.50
2026-08-04 00:00,1270.00,1430.00,438.00,50.20,841.7,51.50
2026-08-04 00:15,1270.00,1440.00,435.00,50.20,854.0,51.50
2026-08-04 00:30,1270.00,1430.00,435.00,50.20,844.7,51.50
2026-08-04 00:45,1270.00,1440.00,438.00,50.20,851.0,50.80
2026-08-04 01:00,1270.00,1440.00,438.00,50.20,851.0,50.80
2026-08-04 01:15,1270.00,1440.00,435.00,50.20,854.0,50.80
2026-08-04 01:30,1270.00,1430.00,438.00,50.20,841.7,50.80
2026-08-04 01:45,1270.00,1440.00,438.00,50.20,851.0,50.80
2026-08-04 02:00,1270.00,1440.00,438.00,50.20,851.0,50.80
2026-08-04 02:15,1270.00,1440.00,438.00,50.80,850.4,51.50
2026-08-04 02:30,1270.00,1440.00,435.00,50.80,853.4,50.80
2026-08-04 02:45,1270.00,1440.00,435.00,50.80,853.4,50.80
2026-08-04 03:00,1280.00,1440.00,438.00,50.80,850.4,50.80
2026-08-04 03:15,1270.00,1440.00,438.00,50.80,850.4,50.80
2026-08-04 03:30,1270.00,1440.00,438.00,50.80,850.4,50.80
2026-08-04 03:45,1270.00,1440.00,438.00,50.20,851.0,50.80
2026-08-04 04:00,1270.00,1440.00,435.00,50.20,854.0,50.80
2026-08-04 04:15,1270.00,1440.00,438.00,50.20,851.0,50.80
2026-08-04 04:30,1270.00,1440.00,438.00,50.20,851.0,50.80
2026-08-04 04:45,1270.00,1440.00,438.00,50.20,851.0,50.80
2026-08-04 05:00,1270.00,1440.00,438.00,50.20,851.0,50.80
2026-08-04 05:15,1270.00,1440.00,438.00,50.20,851.0,50.80
2026-08-04 05:30,1270.00,1440.00,438.00,50.20,851.0,50.80
2026-08-04 05:45,1270.00,1430.00,438.00,50.20,841.7,50.80
2026-08-04 06:00,1270.00,1440.00,441.00,50.20,848.0,50.80
2026-08-04 06:15,1270.00,1440.00,435.00,50.20,854.0,50.80
2026-08-04 06:30,1270.00,1440.00,435.00,50.20,854.0,50.80
2026-08-04 06:45,1270.00,1440.00,438.00,50.20,851.0,50.80
2026-08-04 07:00,1260.00,1440.00,438.00,50.20,851.0,50.80
2026-08-04 07:15,1270.00,1440.00,435.00,50.20,854.0,50.80
2026-08-04 07:30,1270.00,1440.00,435.00,50.20,854.0,50.80
2026-08-04 07:45,1270.00,1440.00,435.00,50.20,854.0,50.80
2026-08-04 08:00,1270.00,1440.00,435.00,50.20,854.0,50.80
2026-08-04 08:15,1270.00,1430.00,438.00,50.20,841.7,50.80
2026-08-04 08:30,1270.00,1440.00,435.00,50.20,854.0,50.80
2026-08-04 08:45,1270.00,1440.00,435.00,50.20,854.0,51.50
2026-08-04 09:00,1270.00,1440.00,438.00,50.20,851.0,50.80
2026-08-04 09:15,1270.00,1440.00,438.00,50.20,851.0,50.80
2026-08-04 09:30,1270.00,1440.00,435.00,50.20,854.0,50.80
2026-08-04 09:45,1270.00,1440.00,438.00,50.20,851.0,50.80
2026-08-04 10:00,1270.00,1440.00,438.00,50.20,851.0,50.80
2026-08-04 10:15,1270.00,1440.00,438.00,50.20,851.0,50.80
2026-08-04 10:30,1280.00,1440.00,435.00,50.20,854.0,50.80
2026-08-04 10:45,1270.00,1440.00,438.00,50.20,851.0,50.80
2026-08-04 11:00,1270.00,1440.00,435.00,50.20,854.0,50.80
2026-08-04 11:15,1270.00,1440.00,438.00,50.20,851.0,50.80
2026-08-04 11:30,1270.00,1440.00,438.00,50.20,851.0,50.80
2026-08-04 11:45,1270.00,1440.00,438.00,50.20,851.0,50.80
2026-08-04 12:00,1270.00,1440.00,438.00,50.20,851.0,50.80
2026-08-04 12:15,1280.00,1440.00,435.00,50.20,854.0,51.50
2026-08-04 12:30,1270.00,1440.00,438.00,50.20,851.0,51.50
2026-08-04 12:45,1270.00,1440.00,438.00,50.20,851.0,50.80
2026-08-04 13:00,1280.00,1440.00,435.00,50.20,854.0,51.50
2026-08-04 13:15,1270.00,1440.00,438.00,50.20,851.0,51.50
2026-08-04 13:30,1270.00,1440.00,435.00,50.20,854.0,51.50
2026-08-04 13:45,1270.00,1440.00,438.00,50.20,851.0,50.80
2026-08-04 14:00,1270.00,1430.00,438.00,50.20,841.7,51.50
2026-08-04 14:15,1270.00,1440.00,438.00,50.20,851.0,50.80
2026-08-04 14:30,1270.00,1440.00,435.00,50.20,854.0,50.80
2026-08-04 14:45,1270.00,1440.00,438.00,50.20,851.0,50.80
2026-08-04 15:00,1270.00,1430.00,438.00,50.20,841.7,50.80
2026-08-04 15:15,1280.00,1440.00,438.00,50.20,851.0,50.80
2026-08-04 15:30,1270.00,1440.00,435.00,50.20,854.0,50.80
2026-08-04 15:45,1270.00,1440.00,438.00,49.60,851.6,50.80
2026-08-04 16:00,1280.00,1430.00,438.00,50.20,841.7,50.80
2026-08-04 16:15,1270.00,1430.00,438.00,50.20,841.7,50.80
2026-08-04 16:30,1280.00,1440.00,438.00,49.60,851.6,50.80
2026-08-04 16:45,1280.00,1440.00,438.00,49.60,851.6,50.80
2026-08-04 17:00,1280.00,1440.00,438.00,50.20,851.0,50.80
2026-08-04 17:15,1280.00,1430.00,435.00,49.60,845.3,50.80
2026-08-04 17:30,1280.00,1440.00,438.00,49.60,851.6,50.80
2026-08-04 17:45,1280.00,1430.00,438.00,50.20,841.7,50.80
2026-08-04 18:00,1280.00,1440.00,438.00,50.20,851.0,50.80
2026-08-04 18:15,1280.00,1440.00,438.00,50.20,851.0,50.80
2026-08-04 18:30,1280.00,1430.00,438.00,50.20,841.7,50.80
2026-08-04 18:45,1280.00,1440.00,435.00,50.20,854.0,50.80
2026-08-04 19:00,1280.00,1430.00,438.00,50.20,841.7,50.80
2026-08-04 19:15,1280.00,1430.00,438.00,50.20,841.7,50.80
2026-08-04 19:30,1280.00,1430.00,438.00,50.20,841.7,50.80
2026-08-04 19:45,1290.00,1430.00,438.00,50.20,841.7,50.80
2026-08-04 20:00,1280.00,1430.00,438.00,50.20,841.7,50.80
2026-08-04 20:15,1280.00,1430.00,435.00,50.20,844.7,50.80
2026-08-04 20:30,1280.00,1430.00,435.00,50.20,844.7,50.80
2026-08-04 20:45,1280.00,1440.00,438.00,50.20,851.0,50.80
2026-08-04 21:00,1280.00,1430.00,435.00,50.20,844.7,50.80
2026-08-04 21:15,1280.00,1430.00,438.00,50.20,841.7,50.20
2026-08-04 21:30,1280.00,1430.00,435.00,50.20,844.7,50.20
2026-08-04 21:45,1280.00,1430.00,435.00,50.20,844.7,50.20
2026-08-04 22:00,1280.00,1440.00,438.00,50.20,851.0,50.80
2026-08-04 22:15,1280.00,1440.00,438.00,50.20,851.0,50.20
2026-08-04 22:30,1270.00,1440.00,435.00,50.20,854.0,50.80
2026-08-04 22:45,1280.00,1440.00,438.00,50.20,851.0,50.20
2026-08-04 23:00,1280.00,1440.00,438.00,50.20,851.0,50.20
2026-08-04 23:15,1280.00,1440.00,435.00,50.20,854.0,50.20
2026-08-04 23:30,1280.00,1440.00,438.00,50.20,851.0,50.20
2026-08-04 23:45,1280.00,1440.00,435.00,50.20,854.0,50.20
2026-08-05 00:00,1280.00,1440.00,438.00,50.20,851.0,50.20
2026-08-05 00:15,1280.00,1440.00,438.00,50.20,851.0,50.20
2026-08-05 00:30,1280.00,1440.00,438.00,50.20,851.0,50.20
2026-08-05 00:45,1280.00,1440.00,438.00,50.20,851.0,50.20
2026-08-05 01:00,1280.00,1430.00,435.00,50.20,844.7,50.20
2026-08-05 01:15,1280.00,1440.00,435.00,50.20,854.0,50.20
2026-08-05 01:30,1280.00,1440.00,438.00,50.20,851.0,50.20
2026-08-05 01:45,1280.00,1430.00,435.00,50.20,844.7,50.20
2026-08-05 02:00,1270.00,1430.00,438.00,50.20,841.7,50.20
2026-08-05 02:15,1280.00,1440.00,438.00,50.20,851.0,50.80
2026-08-05 02:30,1280.00,1430.00,435.00,50.20,844.7,50.20
2026-08-05 02:45,1280.00,1440.00,438.00,50.20,851.0,50.20
2026-08-05 03:00,1280.00,1430.00,433.00,50.20,846.7,50.20
2026-08-05 03:15,1280.00,1430.00,435.00,50.20,844.7,50.20
2026-08-05 03:30,1270.00,1440.00,433.00,50.20,856.0,50.20
2026-08-05 03:45,1280.00,1430.00,438.00,50.80,841.1,50.20
2026-08-05 04:00,1280.00,1440.00,435.00,50.20,854.0,50.20
2026-08-05 04:15,1270.00,1440.00,435.00,50.20,854.0,50.20
2026-08-05 04:30,1280.00,1440.00,435.00,50.20,854.0,50.20
2026-08-05 04:45,1270.00,1430.00,435.00,50.20,844.7,50.20
2026-08-05 05:00,1280.00,1430.00,435.00,50.20,844.7,50.20
2026-08-05 05:15,1280.00,1440.00,435.00,50.20,854.0,50.20
2026-08-05 05:30,1280.00,1430.00,435.00,50.80,844.1,50.20
2026-08-05 05:45,1280.00,1430.00,435.00,50.80,844.1,50.20
2026-08-05 06:00,1280.00,1440.00,435.00,50.80,853.4,50.20
2026-08-05 06:15,1280.00,1430.00,435.00,50.80,844.1,50.20
2026-08-05 06:30,1280.00,1440.00,433.00,50.80,855.4,50.20
2026-08-05 06:45,1280.00,1430.00,433.00,50.80,846.1,50.20
2026-08-05 07:00,1270.00,1430.00,438.00,50.80,841.1,50.20
2026-08-05 07:15,1270.00,1440.00,435.00,50.20,854.0,50.20
2026-08-05 07:30,1270.00,1440.00,438.00,50.20,851.0,50.20
2026-08-05 07:45,1280.00,1430.00,435.00,50.20,844.7,50.20
2026-08-05 08:00,1280.00,1440.00,433.00,50.20,856.0,50.20
2026-08-05 08:15,1270.00,1430.00,438.00,50.20,841.7,50.20
2026-08-05 08:30,1280.00,1440.00,433.00,50.20,856.0,50.20
2026-08-05 08:45,1270.00,1430.00,435.00,50.20,844.7,50.20
2026-08-05 09:00,1280.00,1440.00,435.00,50.20,854.0,50.20
2026-08-05 09:15,1270.00,1440.00,435.00,50.80,853.4,50.20
2026-08-05 09:30,1270.00,1440.00,438.00,50.20,851.0,50.20
2026-08-05 09:45,1270.00,1440.00,435.00,50.20,854.0,50.20
2026-08-05 10:00,1270.00,1440.00,438.00,50.20,851.0,50.20
2026-08-05 10:15,1270.00,1440.00,435.00,50.20,854.0,50.20
2026-08-05 10:30,1270.00,1440.00,438.00,50.20,851.0,50.20
2026-08-05 10:45,1280.00,1440.00,438.00,50.20,851.0,50.20
2026-08-05 11:00,1280.00,1440.00,438.00,50.20,851.0,50.20
2026-08-05 11:15,1280.00,1440.00,435.00,50.20,854.0,50.20
2026-08-05 11:30,1280.00,1440.00,438.00,50.20,851.0,50.20
2026-08-05 11:45,1280.00,1440.00,438.00,50.20,851.0,50.20
2026-08-05 12:00,1280.00,1440.00,438.00,50.20,851.0,50.20
2026-08-05 12:15,1270.00,1440.00,438.00,50.20,851.0,50.20
2026-08-05 12:30,1270.00,1440.00,438.00,50.20,851.0,50.20
2026-08-05 12:45,1280.00,1440.00,438.00,50.20,851.0,50.20
2026-08-05 13:00,1270.00,1440.00,435.00,50.20,854.0,50.20
2026-08-05 13:15,1280.00,1440.00,438.00,50.20,851.0,50.20
2026-08-05 13:30,1280.00,1440.00,435.00,50.20,854.0,50.20
2026-08-05 13:45,1280.00,1440.00,438.00,50.20,851.0,50.20
2026-08-05 14:00,1280.00,1430.00,438.00,50.20,841.7,50.20
2026-08-05 14:15,1290.00,1440.00,438.00,50.20,851.0,50.80
2026-08-05 14:30,1280.00,1440.00,435.00,50.20,854.0,50.20
2026-08-05 14:45,1280.00,1440.00,435.00,50.20,854.0,50.20
2026-08-05 15:00,1280.00,1440.00,438.00,50.20,851.0,50.20
2026-08-05 15:15,1280.00,1440.00,435.00,50.20,854.0,50.20
2026-08-05 15:30,1280.00,1440.00,438.00,50.20,851.0,50.20
2026-08-05 15:45,1280.00,1440.00,438.00,50.20,851.0,50.20
2026-08-05 16:00,1280.00,1440.00,438.00,50.20,851.0,50.20
2026-08-05 16:15,1280.00,1430.00,435.00,50.20,844.7,50.20
2026-08-05 16:30,1280.00,1440.00,438.00,50.20,851.0,50.20
2026-08-05 16:45,1280.00,1430.00,438.00,50.20,841.7,50.20
2026-08-05 17:00,1280.00,1430.00,438.00,50.20,841.7,50.20
2026-08-05 17:15,1290.00,1430.00,438.00,50.20,841.7,50.20
2026-08-05 17:30,1280.00,1430.00,438.00,50.20,841.7,50.20
2026-08-05 17:45,1280.00,1430.00,438.00,50.20,841.7,50.20
2026-08-05 18:00,1290.00,1430.00,438.00,50.20,841.7,50.20
2026-08-05 18:15,1280.00,1430.00,435.00,50.20,844.7,50.20
2026-08-05 18:30,1280.00,1430.00,438.00,50.20,841.7,50.20
2026-08-05 18:45,1280.00,1430.00,438.00,50.20,841.7,50.20
2026-08-05 19:00,1280.00,1440.00,435.00,50.20,854.0,50.20
2026-08-05 19:15,1280.00,1430.00,438.00,50.20,841.7,50.20
2026-08-05 19:30,1290.00,1430.00,438.00,50.20,841.7,50.20
2026-08-05 19:45,1280.00,1430.00,438.00,50.20,841.7,50.20
2026-08-05 20:00,1280.00,1430.00,438.00,50.20,841.7,50.20
2026-08-05 20:15,1280.00,1430.00,438.00,50.20,841.7,50.20
2026-08-05 20:30,1280.00,1430.00,435.00,50.20,844.7,50.20
2026-08-05 20:45,1280.00,1430.00,438.00,50.20,841.7,50.20
2026-08-05 21:00,1280.00,1430.00,435.00,50.20,844.7,49.50
2026-08-05 21:15,1290.00,1430.00,435.00,50.20,844.7,50.20
2026-08-05 21:30,1280.00,1430.00,435.00,50.20,844.7,49.50
2026-08-05 21:45,1290.00,1430.00,435.00,50.20,844.7,50.20
2026-08-05 22:00,1280.00,1430.00,435.00,50.20,844.7,49.50
2026-08-05 22:15,1280.00,1430.00,433.00,50.20,846.7,50.20
2026-08-05 22:30,1280.00,1430.00,433.00,50.20,846.7,49.50
2026-08-05 22:45,1280.00,1430.00,435.00,50.20,844.7,49.50
2026-08-05 23:00,1280.00,1430.00,435.00,50.20,844.7,49.50
2026-08-05 23:15,1280.00,1430.00,435.00,50.20,844.7,49.50
2026-08-05 23:30,1280.00,1430.00,433.00,50.20,846.7,49.50
2026-08-05 23:45,1280.00,1430.00,438.00,50.20,841.7,49.50
2026-08-06 00:00,1280.00,1430.00,435.00,50.20,844.7,49.50
2026-08-06 00:15,1280.00,1430.00,433.00,50.20,846.7,49.50
2026-08-06 00:30,1280.00,1430.00,435.00,50.20,844.7,49.50
2026-08-06 00:45,1290.00,1430.00,438.00,50.20,841.7,49.50
2026-08-06 01:00,1290.00,1430.00,435.00,50.20,844.7,49.50
2026-08-06 01:15,1280.00,1430.00,435.00,50.20,844.7,49.50
2026-08-06 01:30,1280.00,1430.00,435.00,50.20,844.7,49.50
2026-08-06 01:45,1280.00,1430.00,438.00,50.20,841.7,49.50
2026-08-06 02:00,1280.00,1430.00,435.00,50.20,844.7,49.50
2026-08-06 02:15,1280.00,1430.00,435.00,50.20,844.7,49.50
2026-08-06 02:30,1280.00,1430.00,435.00,50.20,844.7,49.50
2026-08-06 02:45,1280.00,1430.00,435.00,50.20,844.7,49.50
2026-08-06 03:00,1280.00,1430.00,433.00,50.20,846.7,49.50
2026-08-06 03:15,1290.00,1430.00,438.00,50.20,841.7,49.50
2026-08-06 03:30,1280.00,1430.00,433.00,50.20,846.7,49.50
2026-08-06 03:45,1280.00,1430.00,435.00,50.20,844.7,49.50
2026-08-06 04:00,1280.00,1430.00,438.00,50.20,841.7,49.50
2026-08-06 04:15,1290.00,1430.00,435.00,50.20,844.7,49.50
2026-08-06 04:30,1290.00,1430.00,435.00,50.20,844.7,49.50
2026-08-06 04:45,1290.00,1430.00,435.00,50.20,844.7,49.50
2026-08-06 05:00,1280.00,1430.00,435.00,50.20,844.7,49.50
2026-08-06 05:15,1280.00,1430.00,435.00,50.20,844.7,49.50
2026-08-06 05:30,1280.00,1430.00,435.00,50.20,844.7,49.50
2026-08-06 05:45,1280.00,1430.00,435.00,50.20,844.7,49.50
2026-08-06 06:00,1280.00,1430.00,435.00,50.20,844.7,49.50
2026-08-06 06:15,1280.00,1430.00,438.00,50.20,841.7,49.50
2026-08-06 06:30,1280.00,1430.00,433.00,50.20,846.7,49.50
2026-08-06 06:45,1290.00,1430.00,435.00,50.20,844.7,49.50
2026-08-06 07:00,1280.00,1430.00,435.00,50.20,844.7,49.50
2026-08-06 07:15,1290.00,1430.00,435.00,50.20,844.7,49.50
2026-08-06 07:30,1280.00,1430.00,435.00,50.20,844.7,49.50
2026-08-06 07:45,1280.00,1430.00,435.00,50.20,844.7,49.50
2026-08-06 08:00,1280.00,1430.00,438.00,50.20,841.7,49.50
2026-08-06 08:15,1280.00,1440.00,435.00,50.20,854.0,49.50
2026-08-06 08:30,1280.00,1430.00,435.00,50.20,844.7,49.50
2026-08-06 08:45,1280.00,1430.00,435.00,50.20,844.7,49.50
2026-08-06 09:00,1280.00,1430.00,435.00,50.20,844.7,49.50
2026-08-06 09:15,1280.00,1430.00,435.00,49.60,845.3,49.50
2026-08-06 09:30,1280.00,1430.00,435.00,50.20,844.7,49.50
2026-08-06 09:45,1280.00,1430.00,435.00,50.20,844.7,49.50
2026-08-06 10:00,1280.00,1430.00,435.00,50.20,844.7,49.50
2026-08-06 10:15,1280.00,1430.00,438.00,50.20,841.7,49.50
2026-08-06 10:30,1280.00,1430.00,435.00,50.20,844.7,49.50
2026-08-06 10:45,1280.00,1430.00,438.00,50.20,841.7,49.50
2026-08-06 11:00,1270.00,1430.00,435.00,50.20,844.7,49.50
2026-08-06 11:15,1290.00,1430.00,435.00,50.20,844.7,49.50
2026-08-06 11:30,1280.00,1430.00,435.00,50.20,844.7,49.50
2026-08-06 11:45,1280.00,1430.00,435.00,50.20,844.7,49.50
2026-08-06 12:00,1290.00,1430.00,433.00,50.20,846.7,49.50
2026-08-06 12:15,1280.00,1430.00,438.00,50.20,841.7,49.50
2026-08-06 12:30,1280.00,1430.00,435.00,50.20,844.7,49.50
2026-08-06 12:45,1290.00,1430.00,435.00,50.20,844.7,49.50
2026-08-06 13:00,1290.00,1430.00,435.00,50.20,844.7,49.50
2026-08-06 13:15,1290.00,1430.00,435.00,50.20,844.7,49.50
2026-08-06 13:30,1280.00,1430.00,438.00,50.20,841.7,49.50
2026-08-06 13:45,1280.00,1430.00,435.00,50.20,844.7,49.50
2026-08-06 14:00,1280.00,1430.00,435.00,50.20,844.7,49.50
2026-08-06 14:15,1280.00,1430.00,438.00,50.20,841.7,49.50
2026-08-06 14:30,1280.00,1430.00,438.00,50.20,841.7,49.50
2026-08-06 14:45,1290.00,1430.00,438.00,50.20,841.7,49.50
2026-08-06 15:00,1290.00,1430.00,438.00,50.20,841.7,49.50
2026-08-06 15:15,1290.00,1430.00,438.00,50.20,841.7,49.50
2026-08-06 15:30,1290.00,1430.00,438.00,50.20,841.7,49.50
2026-08-06 15:45,1290.00,1430.00,438.00,50.20,841.7,49.50
2026-08-06 16:00,1290.00,1430.00,438.00,50.20,841.7,49.50
2026-08-06 16:15,1290.00,1430.00,438.00,50.20,841.7,49.50
2026-08-06 16:30,1290.00,1430.00,438.00,50.20,841.7,49.50
2026-08-06 16:45,1280.00,1430.00,438.00,50.20,841.7,49.50
2026-08-06 17:00,1290.00,1430.00,438.00,50.20,841.7,49.50
2026-08-06 17:15,1290.00,1430.00,438.00,50.20,841.7,48.90
2026-08-06 17:30,1290.00,1430.00,438.00,50.20,841.7,48.90
2026-08-06 17:45,1290.00,1430.00,438.00,50.20,841.7,49.50
2026-08-06 18:00,1290.00,1430.00,438.00,50.20,841.7,49.50
2026-08-06 18:15,1290.00,1430.00,438.00,50.20,841.7,48.90
2026-08-06 18:30,1290.00,1430.00,435.00,50.20,844.7,48.90
2026-08-06 18:45,1290.00,1430.00,435.00,50.20,844.7,48.90
2026-08-06 19:00,1290.00,1430.00,427.00,50.20,852.7,48.90
2026-08-06 19:15,1290.00,1430.00,433.00,50.20,846.7,48.90
2026-08-06 19:30,1290.00,1430.00,438.00,50.20,841.7,48.90
2026-08-06 19:45,1290.00,1430.00,438.00,50.20,841.7,48.90
2026-08-06 20:00,1290.00,1430.00,433.00,50.20,846.7,48.90
2026-08-06 20:15,1290.00,1430.00,438.00,50.20,841.7,48.90
2026-08-06 20:30,1290.00,1430.00,438.00,50.20,841.7,48.90
2026-08-06 20:45,1290.00,1430.00,435.00,50.20,844.7,48.90
2026-08-06 21:00,1290.00,1430.00,424.00,50.20,855.7,48.90
2026-08-06 21:15,1290.00,1430.00,441.00,50.20,838.7,48.90
2026-08-06 21:30,1290.00,1430.00,438.00,50.20,841.7,48.90
2026-08-06 21:45,1290.00,1430.00,433.00,50.20,846.7,48.90
2026-08-06 22:00,1290.00,1430.00,435.00,50.20,844.7,48.90
2026-08-06 22:15,1290.00,1430.00,433.00,50.20,846.7,48.90
2026-08-06 22:30,1290.00,1430.00,435.00,50.20,844.7,48.90
2026-08-06 22:45,1290.00,1430.00,435.00,50.20,844.7,48.90
2026-08-06 23:00,1290.00,1430.00,435.00,50.20,844.7,48.90
2026-08-06 23:15,1290.00,1430.00,435.00,50.20,844.7,48.90
2026-08-06 23:30,1290.00,1430.00,433.00,50.20,846.7,48.90
2026-08-06 23:45,1290.00,1430.00,438.00,50.20,841.7,48.90
2026-08-07 00:00,1280.00,1430.00,435.00,50.20,844.7,48.90
2026-08-07 00:15,1290.00,1430.00,435.00,50.20,844.7,48.90
2026-08-07 00:30,1290.00,1430.00,438.00,50.20,841.7,48.90
2026-08-07 00:45,1290.00,1430.00,435.00,50.20,844.7,48.90
2026-08-07 01:00,1280.00,1430.00,435.00,50.20,844.7,48.90
2026-08-07 01:15,1290.00,1430.00,435.00,50.20,844.7,48.90
2026-08-07 01:30,1290.00,1430.00,435.00,50.20,844.7,48.90
2026-08-07 01:45,1290.00,1430.00,435.00,50.20,844.7,48.90
2026-08-07 02:00,1280.00,1430.00,435.00,50.20,844.7,48.90
2026-08-07 02:15,1290.00,1430.00,435.00,50.20,844.7,48.90
2026-08-07 02:30,1290.00,1430.00,435.00,50.20,844.7,48.90
2026-08-07 02:45,1290.00,1430.00,433.00,50.20,846.7,48.90
2026-08-07 03:00,1280.00,1430.00,435.00,50.20,844.7,48.90
2026-08-07 03:15,1290.00,1430.00,435.00,50.20,844.7,48.90
2026-08-07 03:30,1290.00,1430.00,435.00,50.20,844.7,48.90
2026-08-07 03:45,1290.00,1430.00,435.00,50.20,844.7,48.90
2026-08-07 04:00,1290.00,1430.00,435.00,50.20,844.7,48.90
2026-08-07 04:15,1280.00,1430.00,433.00,50.20,846.7,48.90
2026-08-07 04:30,1290.00,1430.00,433.00,50.20,846.7,48.90
2026-08-07 04:45,1290.00,1430.00,433.00,50.20,846.7,48.90
2026-08-07 05:00,1290.00,1430.00,433.00,50.20,846.7,48.90
2026-08-07 05:15,1290.00,1430.00,435.00,50.20,844.7,48.90
2026-08-07 05:30,1290.00,1430.00,433.00,50.20,846.7,48.90
2026-08-07 05:45,1290.00,1430.00,435.00,50.20,844.7,48.90
2026-08-07 06:00,1290.00,1430.00,433.00,50.20,846.7,48.90
2026-08-07 06:15,1290.00,1430.00,435.00,50.20,844.7,48.90
2026-08-07 06:30,1280.00,1430.00,435.00,50.20,844.7,48.20
2026-08-07 06:45,1280.00,1430.00,435.00,50.20,844.7,48.90
2026-08-07 07:00,1290.00,1430.00,435.00,50.20,844.7,48.90
2026-08-07 07:15,1290.00,1430.00,435.00,50.20,844.7,48.90
2026-08-07 07:30,1290.00,1430.00,438.00,50.20,841.7,48.90
2026-08-07 07:45,1280.00,1430.00,435.00,50.20,844.7,48.90
2026-08-07 08:00,1290.00,1430.00,435.00,50.20,844.7,48.90
2026-08-07 08:15,1290.00,1430.00,435.00,50.20,844.7,48.90
2026-08-07 08:30,1290.00,1430.00,433.00,50.20,846.7,48.90
2026-08-07 08:45,1280.00,1430.00,435.00,50.20,844.7,48.90
2026-08-07 09:00,1290.00,1430.00,435.00,50.20,844.7,48.20
2026-08-07 09:15,1280.00,1430.00,435.00,50.20,844.7,48.20
2026-08-07 09:30,1290.00,1430.00,435.00,50.20,844.7,48.90
2026-08-07 09:45,1280.00,1430.00,435.00,50.20,844.7,48.90
2026-08-07 10:00,1300.00,1430.00,435.00,50.20,844.7,48.90
2026-08-07 10:15,1310.00,1430.00,435.00,50.20,844.7,48.90
2026-08-07 10:30,1320.00,1430.00,435.00,50.20,844.7,48.90
2026-08-07 10:45,1330.00,1430.00,435.00,50.20,844.7,48.90
2026-08-07 11:00,1330.00,1430.00,435.00,50.20,844.7,48.90
2026-08-07 11:15,1360.00,1430.00,435.00,50.20,844.7,48.90
2026-08-07 11:30,1370.00,1430.00,435.00,50.20,844.7,48.90
2026-08-07 11:45,1380.00,1430.00,435.00,50.20,844.7,48.90
2026-08-07 12:00,1380.00,1430.00,438.00,50.20,841.7,48.90
2026-08-07 12:15,1380.00,1430.00,435.00,50.20,844.7,48.90
2026-08-07 12:30,1390.00,1430.00,438.00,50.20,841.7,48.90
2026-08-07 12:45,1390.00,1430.00,438.00,50.20,841.7,48.90
2026-08-07 13:00,1390.00,1430.00,435.00,50.20,844.7,48.20
2026-08-07 13:15,1400.00,1430.00,438.00,50.20,841.7,48.90
2026-08-07 13:30,1400.00,1430.00,438.00,50.20,841.7,48.90
2026-08-07 13:45,1400.00,1430.00,435.00,50.20,844.7,48.90
2026-08-07 14:00,1410.00,1430.00,438.00,50.20,841.7,48.90
2026-08-07 14:15,1400.00,1430.00,438.00,50.20,841.7,48.90
2026-08-07 14:30,1410.00,1430.00,438.00,50.20,841.7,48.90
2026-08-07 14:45,1400.00,1430.00,435.00,50.20,844.7,48.90
2026-08-07 15:00,1400.00,1420.00,435.00,50.20,835.4,48.90
2026-08-07 15:15,1410.00,1430.00,435.00,50.20,844.7,48.20
2026-08-07 15:30,1410.00,1430.00,438.00,50.20,841.7,48.20
2026-08-07 15:45,1410.00,1430.00,438.00,50.20,841.7,48.20
2026-08-07 16:00,1410.00,1430.00,438.00,49.60,842.3,48.20
2026-08-07 16:15,1410.00,1430.00,438.00,49.60,842.3,48.20
2026-08-07 16:30,1410.00,1420.00,438.00,49.60,833.0,48.20
2026-08-07 16:45,1410.00,1420.00,438.00,50.20,832.4,48.20
2026-08-07 17:00,1410.00,1430.00,438.00,50.20,841.7,48.20
2026-08-07 17:15,1420.00,1430.00,438.00,50.20,841.7,48.20
2026-08-07 17:30,1410.00,1420.00,435.00,50.20,835.4,48.20
2026-08-07 17:45,1410.00,1430.00,438.00,50.20,841.7,48.20
2026-08-07 18:00,1410.00,1430.00,438.00,50.20,841.7,48.20
2026-08-07 18:15,1410.00,1430.00,438.00,50.20,841.7,48.20
2026-08-07 18:30,1410.00,1430.00,435.00,50.20,844.7,48.20
2026-08-07 18:45,1410.00,1420.00,435.00,50.20,835.4,48.20
2026-08-07 19:00,1410.00,1420.00,438.00,50.20,832.4,48.20
2026-08-07 19:15,1400.00,1420.00,438.00,50.20,832.4,48.20
2026-08-07 19:30,1410.00,1420.00,438.00,50.20,832.4,48.20
2026-08-07 19:45,1410.00,1420.00,435.00,50.20,835.4,48.20
2026-08-07 20:00,1420.00,1420.00,435.00,50.20,835.4,48.20
2026-08-07 20:15,1410.00,1430.00,435.00,50.20,844.7,48.20
2026-08-07 20:30,1410.00,1420.00,438.00,50.20,832.4,48.20
2026-08-07 20:45,1410.00,1420.00,435.00,50.20,835.4,48.20
2026-08-07 21:00,1410.00,1420.00,438.00,50.20,832.4,48.20
2026-08-07 21:15,1410.00,1420.00,438.00,50.20,832.4,48.20
2026-08-07 21:30,1410.00,1420.00,435.00,50.20,835.4,48.20
2026-08-07 21:45,1410.00,1420.00,435.00,50.20,835.4,47.60
2026-08-07 22:00,1420.00,1430.00,433.00,50.20,846.7,47.60
2026-08-07 22:15,1410.00,1420.00,435.00,50.20,835.4,48.20
2026-08-07 22:30,1410.00,1420.00,435.00,50.20,835.4,47.60
2026-08-07 22:45,1410.00,1420.00,435.00,50.20,835.4,47.60
2026-08-07 23:00,1410.00,1420.00,435.00,50.20,835.4,47.60
2026-08-07 23:15,1410.00,1420.00,435.00,50.20,835.4,47.60
2026-08-07 23:30,1420.00,1420.00,435.00,50.20,835.4,47.60
2026-08-07 23:45,1410.00,1420.00,438.00,50.20,832.4,47.60
2026-08-08 00:00,1410.00,1420.00,435.00,50.20,835.4,47.60
2026-08-08 00:15,1410.00,1420.00,438.00,50.20,832.4,47.60
2026-08-08 00:30,1410.00,1420.00,435.00,50.20,835.4,47.60
2026-08-08 00:45,1410.00,1420.00,435.00,50.20,835.4,47.60
2026-08-08 01:00,1410.00,1420.00,435.00,50.20,835.4,47.60
2026-08-08 01:15,1410.00,1420.00,438.00,50.20,832.4,47.60
2026-08-08 01:30,1410.00,1420.00,438.00,50.80,831.8,47.60
2026-08-08 01:45,1410.00,1420.00,435.00,50.80,834.8,47.60
2026-08-08 02:00,1400.00,1420.00,435.00,50.80,834.8,47.60
2026-08-08 02:15,1410.00,1430.00,433.00,50.80,846.1,47.60
2026-08-08 02:30,1400.00,1430.00,438.00,50.80,841.1,47.60
2026-08-08 02:45,1420.00,1430.00,435.00,50.80,844.1,47.60
2026-08-08 03:00,1410.00,1430.00,435.00,50.80,844.1,47.60
2026-08-08 03:15,1410.00,1430.00,438.00,50.80,841.1,47.60
2026-08-08 03:30,1410.00,1430.00,435.00,50.80,844.1,47.60
2026-08-08 03:45,1410.00,1430.00,435.00,50.80,844.1,47.60
2026-08-08 04:00,1410.00,1420.00,435.00,50.80,834.8,47.60
2026-08-08 04:15,1410.00,1430.00,435.00,50.80,844.1,47.60
2026-08-08 04:30,1410.00,1430.00,435.00,50.80,844.1,47.60
2026-08-08 04:45,1410.00,1430.00,435.00,50.80,844.1,47.60
2026-08-08 05:00,1400.00,1430.00,435.00,50.80,844.1,47.60
2026-08-08 05:15,1410.00,1430.00,435.00,50.80,844.1,47.60
2026-08-08 05:30,1410.00,1430.00,435.00,50.80,844.1,47.60
2026-08-08 05:45,1410.00,1430.00,435.00,50.80,844.1,47.60
2026-08-08 06:00,1410.00,1430.00,435.00,50.80,844.1,47.60
2026-08-08 06:15,1400.00,1430.00,435.00,50.80,844.1,47.60
2026-08-08 06:30,1410.00,1430.00,435.00,50.20,844.7,47.60
2026-08-08 06:45,1410.00,1430.00,433.00,50.20,846.7,47.60
2026-08-08 07:00,1410.00,1430.00,435.00,50.20,844.7,47.60
2026-08-08 07:15,1410.00,1440.00,435.00,50.20,854.0,47.60
2026-08-08 07:30,1410.00,1430.00,435.00,50.20,844.7,47.60
2026-08-08 07:45,1410.00,1430.00,435.00,50.20,844.7,47.60
2026-08-08 08:00,1400.00,1440.00,435.00,50.20,854.0,47.60
2026-08-08 08:15,1410.00,1440.00,435.00,50.20,854.0,47.60
2026-08-08 08:30,1410.00,1440.00,438.00,50.20,851.0,47.60
2026-08-08 08:45,1410.00,1440.00,435.00,50.20,854.0,47.60
2026-08-08 09:00,1400.00,1440.00,435.00,50.20,854.0,47.60
2026-08-08 09:15,1410.00,1440.00,435.00,50.20,854.0,47.60
2026-08-08 09:30,1410.00,1440.00,433.00,50.20,856.0,47.60
2026-08-08 09:45,1410.00,1450.00,435.00,50.20,863.3,47.60
2026-08-08 10:00,1410.00,1450.00,435.00,50.20,863.3,47.60
2026-08-08 10:15,1410.00,1450.00,435.00,50.20,863.3,47.60
2026-08-08 10:30,1420.00,1450.00,435.00,50.20,863.3,47.60
2026-08-08 10:45,1410.00,1450.00,435.00,50.20,863.3,47.60
2026-08-08 11:00,1410.00,1450.00,435.00,50.20,863.3,47.60
2026-08-08 11:15,1410.00,1450.00,435.00,50.20,863.3,47.60
2026-08-08 11:30,1410.00,1450.00,438.00,50.20,860.3,47.60
2026-08-08 11:45,1410.00,1450.00,438.00,50.20,860.3,47.60
2026-08-08 12:00,1410.00,1450.00,435.00,50.20,863.3,47.60
2026-08-08 12:15,1410.00,1450.00,435.00,50.20,863.3,47.60
2026-08-08 12:30,1410.00,1450.00,438.00,50.20,860.3,47.60
2026-08-08 12:45,1410.00,1460.00,438.00,50.20,869.6,47.60
2026-08-08 13:00,1410.00,1450.00,438.00,50.20,860.3,47.60
2026-08-08 13:15,1410.00,1450.00,435.00,50.20,863.3,47.60
2026-08-08 13:30,1410.00,1460.00,438.00,50.20,869.6,47.60
2026-08-08 13:45,1410.00,1460.00,438.00,50.20,869.6,47.60
2026-08-08 14:00,1410.00,1460.00,438.00,50.20,869.6,47.60
2026-08-08 14:15,1410.00,1460.00,438.00,50.20,869.6,47.60
2026-08-08 14:30,1410.00,1460.00,438.00,50.20,869.6,47.60
2026-08-08 14:45,1410.00,1460.00,438.00,50.20,869.6,47.60
2026-08-08 15:00,1410.00,1460.00,438.00,50.20,869.6,47.60
2026-08-08 15:15,1420.00,1470.00,438.00,50.20,878.9,47.60
2026-08-08 15:30,1410.00,1460.00,435.00,50.20,872.6,47.60
2026-08-08 15:45,1410.00,1460.00,438.00,50.20,869.6,47.60
2026-08-08 16:00,1420.00,1470.00,438.00,50.20,878.9,47.60
2026-08-08 16:15,1420.00,1470.00,438.00,50.20,878.9,47.60
2026-08-08 16:30,1410.00,1470.00,438.00,50.20,878.9,47.60
2026-08-08 16:45,1420.00,1470.00,438.00,50.20,878.9,47.60
2026-08-08 17:00,1420.00,1470.00,438.00,50.20,878.9,47.60
2026-08-08 17:15,1410.00,1470.00,435.00,50.20,881.9,47.60
2026-08-08 17:30,1420.00,1470.00,438.00,50.20,878.9,47.60
2026-08-08 17:45,1420.00,1470.00,438.00,50.20,878.9,47.60
2026-08-08 18:00,1410.00,1470.00,438.00,50.20,878.9,47.60
2026-08-08 18:15,1410.00,1470.00,435.00,50.20,881.9,47.60
2026-08-08 18:30,1410.00,1470.00,438.00,50.20,878.9,47.60
2026-08-08 18:45,1420.00,1480.00,435.00,50.20,891.2,47.60
2026-08-08 19:00,1420.00,1480.00,435.00,50.20,891.2,47.60
2026-08-08 19:15,1410.00,1480.00,438.00,50.20,888.2,47.60
2026-08-08 19:30,1420.00,1480.00,438.00,50.20,888.2,47.60
2026-08-08 19:45,1410.00,1480.00,438.00,50.20,888.2,46.90
2026-08-08 20:00,1420.00,1480.00,438.00,50.20,888.2,46.90
2026-08-08 20:15,1420.00,1480.00,435.00,50.20,891.2,46.90
2026-08-08 20:30,1420.00,1480.00,438.00,50.20,888.2,46.90
2026-08-08 20:45,1420.00,1480.00,435.00,50.20,891.2,47.60
2026-08-08 21:00,1410.00,1480.00,435.00,50.20,891.2,46.90
2026-08-08 21:15,1410.00,1480.00,435.00,50.20,891.2,46.90
2026-08-08 21:30,1420.00,1480.00,435.00,50.20,891.2,46.90
2026-08-08 21:45,1410.00,1480.00,438.00,50.20,888.2,46.90
2026-08-08 22:00,1420.00,1480.00,435.00,50.20,891.2,46.90
2026-08-08 22:15,1410.00,1480.00,438.00,50.20,888.2,46.90
2026-08-08 22:30,1410.00,1480.00,438.00,50.20,888.2,46.90
2026-08-08 22:45,1410.00,1480.00,435.00,50.20,891.2,46.90
2026-08-08 23:00,1410.00,1490.00,438.00,50.20,897.5,46.90
2026-08-08 23:15,1410.00,1490.00,435.00,50.20,900.5,46.90
2026-08-08 23:30,1410.00,1490.00,438.00,50.20,897.5,46.90
2026-08-08 23:45,1420.00,1480.00,435.00,50.20,891.2,46.90
2026-08-09 00:00,1410.00,1490.00,435.00,50.20,900.5,46.90
2026-08-09 00:15,1410.00,1490.00,435.00,50.20,900.5,46.90
2026-08-09 00:30,1410.00,1490.00,433.00,50.20,902.5,46.90
2026-08-09 00:45,1410.00,1490.00,435.00,50.20,900.5,46.90
2026-08-09 01:00,1410.00,1490.00,435.00,50.20,900.5,46.90
2026-08-09 01:15,1410.00,1490.00,435.00,50.20,900.5,46.90
2026-08-09 01:30,1420.00,1490.00,435.00,50.20,900.5,46.90
2026-08-09 01:45,1410.00,1490.00,438.00,50.20,897.5,46.90
2026-08-09 02:00,1410.00,1490.00,435.00,50.20,900.5,46.90
2026-08-09 02:15,1420.00,1490.00,435.00,50.20,900.5,46.90
2026-08-09 02:30,1420.00,1490.00,433.00,50.20,902.5,46.90
2026-08-09 02:45,1410.00,1490.00,435.00,50.20,900.5,46.90
2026-08-09 03:00,1410.00,1490.00,435.00,50.20,900.5,46.90
2026-08-09 03:15,1420.00,1490.00,435.00,50.20,900.5,46.90
2026-08-09 03:30,1410.00,1490.00,435.00,50.20,900.5,46.90
2026-08-09 03:45,1410.00,1490.00,435.00,50.20,900.5,46.90
2026-08-09 04:00,1410.00,1490.00,435.00,50.20,900.5,46.90
2026-08-09 04:15,1410.00,1490.00,435.00,50.20,900.5,46.90
2026-08-09 04:30,1420.00,1490.00,438.00,50.20,897.5,46.90
2026-08-09 04:45,1410.00,1490.00,435.00,50.20,900.5,46.90
2026-08-09 05:00,1410.00,1490.00,433.00,50.20,902.5,46.90
2026-08-09 05:15,1410.00,1500.00,438.00,50.20,906.8,46.90
2026-08-09 05:30,1410.00,1500.00,435.00,50.20,909.8,46.90
2026-08-09 05:45,1400.00,1500.00,435.00,50.20,909.8,46.90
2026-08-09 06:00,1410.00,1500.00,435.00,50.20,909.8,46.90
2026-08-09 06:15,1410.00,1500.00,433.00,50.20,911.8,46.90
2026-08-09 06:30,1420.00,1490.00,435.00,50.20,900.5,46.90
2026-08-09 06:45,1420.00,1490.00,435.00,50.20,900.5,46.90
2026-08-09 07:00,1410.00,1490.00,435.00,50.20,900.5,46.90
2026-08-09 07:15,1410.00,1490.00,433.00,50.20,902.5,46.90
2026-08-09 07:30,1410.00,1490.00,435.00,50.80,899.9,46.90
2026-08-09 07:45,1420.00,1500.00,435.00,50.80,909.2,46.90
2026-08-09 08:00,1410.00,1500.00,435.00,50.20,909.8,46.90
2026-08-09 08:15,1420.00,1500.00,433.00,50.80,911.2,46.90
2026-08-09 08:30,1410.00,1500.00,435.00,50.80,909.2,46.90
2026-08-09 08:45,1410.00,1500.00,435.00,50.20,909.8,46.90
2026-08-09 09:00,1410.00,1500.00,433.00,50.20,911.8,46.90
2026-08-09 09:15,1410.00,1500.00,435.00,50.20,909.8,46.90
2026-08-09 09:30,1410.00,1500.00,435.00,50.20,909.8,46.90
2026-08-09 09:45,1410.00,1500.00,435.00,50.20,909.8,46.90
2026-08-09 10:00,1410.00,1500.00,435.00,50.20,909.8,46.90
2026-08-09 10:15,1410.00,1500.00,435.00,50.20,909.8,46.90
2026-08-09 10:30,1420.00,1510.00,435.00,50.20,919.1,46.90
2026-08-09 10:45,1410.00,1500.00,435.00,50.20,909.8,46.90
2026-08-09 11:00,1410.00,1500.00,438.00,50.20,906.8,46.90
2026-08-09 11:15,1410.00,1500.00,435.00,50.20,909.8,46.90
2026-08-09 11:30,1410.00,1500.00,435.00,50.20,909.8,46.90
2026-08-09 11:45,1420.00,1510.00,435.00,50.20,919.1,46.90
2026-08-09 12:00,1410.00,1510.00,438.00,50.20,916.1,46.90
2026-08-09 12:15,1410.00,1510.00,435.00,50.20,919.1,46.90
2026-08-09 12:30,1410.00,1510.00,438.00,50.20,916.1,46.90
2026-08-09 12:45,1420.00,1510.00,438.00,50.20,916.1,46.90
2026-08-09 13:00,1410.00,1510.00,438.00,50.20,916.1,46.90
2026-08-09 13:15,1420.00,1510.00,435.00,50.20,919.1,46.90
2026-08-09 13:30,1420.00,1500.00,438.00,50.20,906.8,47.60
2026-08-09 13:45,1420.00,1510.00,438.00,50.20,916.1,46.90
2026-08-09 14:00,1410.00,1500.00,435.00,50.20,909.8,47.60
2026-08-09 14:15,1410.00,1510.00,438.00,50.20,916.1,47.60
2026-08-09 14:30,1420.00,1510.00,438.00,50.20,916.1,47.60
2026-08-09 14:45,1420.00,1510.00,438.00,50.20,916.1,47.60
2026-08-09 15:00,1420.00,1510.00,435.00,49.60,919.7,47.60
2026-08-09 15:15,1420.00,1510.00,438.00,49.60,916.7,46.90
2026-08-09 15:30,1410.00,1510.00,438.00,49.60,916.7,46.90
2026-08-09 15:45,1420.00,1510.00,438.00,50.20,916.1,47.60
2026-08-09 16:00,1420.00,1510.00,438.00,50.20,916.1,46.90
2026-08-09 16:15,1420.00,1510.00,438.00,50.20,916.1,46.90
2026-08-09 16:30,1420.00,1510.00,438.00,50.20,916.1,46.90
2026-08-09 16:45,1420.00,1510.00,438.00,50.20,916.1,46.90
2026-08-09 17:00,0.00,1510.00,438.00,50.20,916.1,46.90
2026-08-09 17:15,1410.00,1510.00,435.00,50.20,919.1,46.90
2026-08-09 17:30,1420.00,1510.00,438.00,50.20,916.1,46.90
2026-08-09 17:45,1420.00,1510.00,435.00,50.20,919.1,46.90
2026-08-09 18:00,1420.00,1510.00,435.00,50.20,919.1,46.90
2026-08-09 18:15,1410.00,1510.00,435.00,50.20,919.1,46.90
2026-08-09 18:30,1410.00,1510.00,438.00,50.20,916.1,46.90
2026-08-09 18:45,1420.00,1510.00,438.00,50.20,916.1,46.90
2026-08-09 19:00,1420.00,1510.00,438.00,50.20,916.1,46.90
2026-08-09 19:15,1410.00,1510.00,438.00,50.20,916.1,46.90
2026-08-09 19:30,1420.00,1510.00,438.00,50.20,916.1,46.90
2026-08-09 19:45,1420.00,1510.00,438.00,50.20,916.1,46.90
2026-08-09 20:00,1420.00,1510.00,435.00,50.20,919.1,46.90
2026-08-09 20:15,1420.00,1510.00,435.00,50.20,919.1,46.90
2026-08-09 20:30,1420.00,1510.00,435.00,50.20,919.1,46.90
2026-08-09 20:45,1420.00,1510.00,435.00,50.20,919.1,46.90
2026-08-09 21:00,1410.00,1510.00,438.00,50.20,916.1,46.90
2026-08-09 21:15,1420.00,1500.00,438.00,50.20,906.8,46.90
2026-08-09 21:30,1420.00,1500.00,435.00,50.20,909.8,46.90
2026-08-09 21:45,1420.00,1500.00,435.00,50.20,909.8,46.90
2026-08-09 22:00,1420.00,1510.00,438.00,50.20,916.1,46.90
2026-08-09 22:15,1410.00,1510.00,435.00,50.20,919.1,46.90
2026-08-09 22:30,1410.00,1510.00,435.00,50.20,919.1,46.90
2026-08-09 22:45,1410.00,1500.00,435.00,50.20,909.8,46.90
2026-08-09 23:00,1410.00,1510.00,433.00,50.80,920.5,46.90
2026-08-09 23:15,1410.00,1500.00,433.00,50.80,911.2,46.90
2026-08-09 23:30,1420.00,1500.00,435.00,50.80,909.2,46.90
2026-08-09 23:45,1420.00,1500.00,435.00,50.80,909.2,46.90
2026-08-10 00:00,1420.00,1500.00,435.00,50.20,909.8,46.90
2026-08-10 00:15,1420.00,1500.00,433.00,50.20,911.8,46.90
2026-08-10 00:30,1420.00,1500.00,433.00,50.20,911.8,46.90
2026-08-10 00:45,1420.00,1510.00,435.00,50.20,919.1,46.90
2026-08-10 01:00,1420.00,1500.00,435.00,50.20,909.8,46.90
2026-08-10 01:15,1420.00,1500.00,435.00,50.20,909.8,46.90
2026-08-10 01:30,1410.00,1500.00,435.00,50.20,909.8,46.90
2026-08-10 01:45,1410.00,1510.00,435.00,50.20,919.1,46.90
2026-08-10 02:00,1410.00,1510.00,435.00,50.20,919.1,46.90
2026-08-10 02:15,1410.00,1500.00,435.00,50.20,909.8,46.90
2026-08-10 02:30,1410.00,1500.00,435.00,50.20,909.8,46.90
2026-08-10 02:45,1410.00,1500.00,435.00,50.20,909.8,46.90
2026-08-10 03:00,1420.00,1500.00,433.00,50.20,911.8,46.90
2026-08-10 03:15,1410.00,1500.00,435.00,50.20,909.8,46.90
2026-08-10 03:30,1420.00,1510.00,438.00,50.20,916.1,46.90
2026-08-10 03:45,1420.00,1500.00,435.00,50.20,909.8,46.90
2026-08-10 04:00,1410.00,1500.00,433.00,50.20,911.8,46.90
2026-08-10 04:15,1410.00,1500.00,435.00,50.20,909.8,46.90
2026-08-10 04:30,1420.00,1500.00,435.00,50.20,909.8,46.90
2026-08-10 04:45,1420.00,1510.00,435.00,50.20,919.1,46.90
2026-08-10 05:00,1410.00,1510.00,435.00,50.20,919.1,46.90
2026-08-10 05:15,1420.00,1510.00,435.00,50.20,919.1,46.90
2026-08-10 05:30,1410.00,1500.00,435.00,50.20,909.8,46.90
2026-08-10 05:45,1410.00,1510.00,438.00,50.20,916.1,46.30
2026-08-10 06:00,1410.00,1510.00,435.00,50.80,918.5,46.30
2026-08-10 06:15,1420.00,1510.00,435.00,50.20,919.1,46.90
2026-08-10 06:30,1410.00,1500.00,433.00,50.20,911.8,46.90
2026-08-10 06:45,1420.00,1510.00,435.00,50.20,919.1,46.90
2026-08-10 07:00,1410.00,1510.00,433.00,50.20,921.1,46.90
2026-08-10 07:15,1410.00,1510.00,433.00,50.20,921.1,46.90
2026-08-10 07:30,1420.00,1510.00,435.00,50.80,918.5,46.90
2026-08-10 07:45,1420.00,1510.00,433.00,50.80,920.5,46.90
2026-08-10 08:00,1410.00,1510.00,433.00,50.80,920.5,46.30
2026-08-10 08:15,1410.00,1510.00,433.00,50.80,920.5,46.30
2026-08-10 08:30,1410.00,1510.00,435.00,50.80,918.5,46.30
2026-08-10 08:45,1410.00,1510.00,435.00,50.80,918.5,46.90
2026-08-10 09:00,1410.00,1510.00,433.00,50.20,921.1,46.90
2026-08-10 09:15,1410.00,1510.00,435.00,50.20,919.1,46.30
2026-08-10 09:30,1410.00,1510.00,435.00,50.20,919.1,46.30
2026-08-10 09:45,1410.00,1510.00,435.00,50.20,919.1,46.90
2026-08-10 10:00,1410.00,1510.00,438.00,50.20,916.1,46.90
2026-08-10 10:15,1410.00,1510.00,438.00,50.20,916.1,46.30
2026-08-10 10:30,1410.00,1510.00,453.00,50.20,901.1,46.30
2026-08-10 10:45,1420.00,1510.00,459.00,50.20,895.1,46.90
2026-08-10 11:00,1410.00,1510.00,456.00,50.20,898.1,46.90
2026-08-10 11:15,1420.00,1510.00,459.00,50.20,895.1,46.90
2026-08-10 11:30,1410.00,1510.00,459.00,50.20,895.1,46.90
2026-08-10 11:45,1420.00,1510.00,456.00,50.80,897.5,46.90
2026-08-10 12:00,1410.00,1510.00,459.00,50.80,894.5,46.90
2026-08-10 12:15,1420.00,1520.00,456.00,50.80,906.8,46.90
2026-08-10 12:30,1420.00,1520.00,450.00,50.80,912.8,46.90
2026-08-10 12:45,1410.00,1520.00,444.00,50.80,918.8,46.90
2026-08-10 13:00,1410.00,1510.00,444.00,50.20,910.1,46.90
2026-08-10 13:15,1420.00,1510.00,444.00,50.20,910.1,46.90
2026-08-10 13:30,1420.00,1510.00,441.00,50.20,913.1,46.90
2026-08-10 13:45,1420.00,1520.00,444.00,50.20,919.4,46.90
2026-08-10 14:00,1410.00,1510.00,441.00,50.20,913.1,46.90
2026-08-10 14:15,1420.00,1520.00,444.00,50.20,919.4,46.90
2026-08-10 14:30,1420.00,1510.00,444.00,50.20,910.1,46.90
2026-08-10 14:45,1420.00,1510.00,444.00,50.20,910.1,46.90
2026-08-10 15:00,1420.00,1520.00,444.00,50.20,919.4,46.90
2026-08-10 15:15,1420.00,1510.00,441.00,50.20,913.1,46.90
2026-08-10 15:30,1420.00,1520.00,444.00,50.20,919.4,46.90
2026-08-10 15:45,1420.00,1500.00,444.00,50.20,900.8,46.90
2026-08-10 16:00,1420.00,1510.00,441.00,50.20,913.1,46.90
2026-08-10 16:15,1420.00,1510.00,444.00,50.20,910.1,46.90
2026-08-10 16:30,1420.00,1510.00,441.00,50.20,913.1,46.90
2026-08-10 16:45,1420.00,1500.00,444.00,50.20,900.8,46.90
2026-08-10 17:00,1420.00,1500.00,441.00,50.20,903.8,46.90
2026-08-10 17:15,1420.00,1510.00,441.00,50.20,913.1,46.30
2026-08-10 17:30,1420.00,1500.00,441.00,50.20,903.8,46.30
2026-08-10 17:45,1420.00,1510.00,441.00,50.20,913.1,46.90
2026-08-10 18:00,1420.00,1510.00,444.00,50.20,910.1,46.90
2026-08-10 18:15,1420.00,1500.00,441.00,50.20,903.8,46.90
2026-08-10 18:30,1420.00,1510.00,441.00,50.20,913.1,46.30
2026-08-10 18:45,1420.00,1510.00,441.00,50.20,913.1,46.30
2026-08-10 19:00,1420.00,1500.00,444.00,50.20,900.8,46.30
2026-08-10 19:15,1420.00,1510.00,444.00,50.20,910.1,46.30
2026-08-10 19:30,1420.00,1510.00,441.00,50.20,913.1,46.30
2026-08-10 19:45,1420.00,1500.00,441.00,50.20,903.8,46.30
2026-08-10 20:00,1420.00,1510.00,444.00,50.20,910.1,46.30
2026-08-10 20:15,1420.00,1510.00,444.00,50.20,910.1,46.30
2026-08-10 20:30,1420.00,1510.00,441.00,50.20,913.1,46.30
2026-08-10 20:45,1420.00,1510.00,441.00,50.20,913.1,46.30
2026-08-10 21:00,1420.00,1500.00,441.00,50.20,903.8,46.30
2026-08-10 21:15,1420.00,1500.00,438.00,50.20,906.8,46.30
2026-08-10 21:30,1420.00,1500.00,438.00,50.20,906.8,46.30
2026-08-10 21:45,1420.00,1500.00,438.00,50.20,906.8,46.30
2026-08-10 22:00,1420.00,1500.00,441.00,50.20,903.8,46.30
2026-08-10 22:15,1420.00,1510.00,438.00,50.20,916.1,46.30
2026-08-10 22:30,1420.00,1500.00,441.00,50.20,903.8,46.30
2026-08-10 22:45,1420.00,1510.00,441.00,50.20,913.1,46.30
2026-08-10 23:00,1420.00,1500.00,438.00,50.20,906.8,46.30
2026-08-10 23:15,1420.00,1510.00,438.00,50.20,916.1,46.30
2026-08-10 23:30,1420.00,1510.00,441.00,50.20,913.1,46.30
2026-08-10 23:45,1420.00,1500.00,438.00,50.20,906.8,46.30
2026-08-11 00:00,1420.00,1500.00,441.00,50.20,903.8,46.30
2026-08-11 00:15,1420.00,1510.00,441.00,50.20,913.1,46.30
2026-08-11 00:30,1420.00,1500.00,444.00,50.20,900.8,46.30
2026-08-11 00:45,1420.00,1510.00,438.00,50.20,916.1,46.30
2026-08-11 01:00,1420.00,1500.00,441.00,50.20,903.8,46.30
2026-08-11 01:15,1420.00,1510.00,441.00,50.20,913.1,46.30
2026-08-11 01:30,1420.00,1500.00,441.00,50.20,903.8,46.30
2026-08-11 01:45,1420.00,1500.00,441.00,50.20,903.8,46.30
2026-08-11 02:00,1420.00,1500.00,438.00,50.20,906.8,46.30
2026-08-11 02:15,1420.00,1500.00,441.00,50.20,903.8,46.30
2026-08-11 02:30,1420.00,1510.00,438.00,50.20,916.1,46.30
2026-08-11 02:45,1420.00,1500.00,438.00,50.20,906.8,46.30
2026-08-11 03:00,1420.00,1510.00,441.00,50.20,913.1,46.30
2026-08-11 03:15,1420.00,1500.00,438.00,50.20,906.8,46.30
2026-08-11 03:30,1420.00,1510.00,438.00,50.20,916.1,46.30
2026-08-11 03:45,1420.00,1500.00,441.00,50.20,903.8,46.30
2026-08-11 04:00,1420.00,1500.00,441.00,50.20,903.8,46.30
2026-08-11 04:15,1420.00,1500.00,438.00,50.20,906.8,46.30
2026-08-11 04:30,1420.00,1500.00,441.00,50.20,903.8,46.30
2026-08-11 04:45,1420.00,1500.00,441.00,50.20,903.8,46.30
2026-08-11 05:00,1420.00,1500.00,441.00,50.20,903.8,46.30
2026-08-11 05:15,1420.00,1500.00,438.00,50.20,906.8,46.30
2026-08-11 05:30,1420.00,1500.00,441.00,50.20,903.8,46.30
2026-08-11 05:45,1420.00,1500.00,438.00,50.20,906.8,46.30
2026-08-11 06:00,1420.00,1500.00,441.00,50.20,903.8,46.30
2026-08-11 06:15,1420.00,1500.00,441.00,50.20,903.8,46.30
2026-08-11 06:30,1420.00,1500.00,438.00,50.20,906.8,46.30
2026-08-11 06:45,1420.00,1510.00,438.00,50.20,916.1,46.30
2026-08-11 07:00,1420.00,1500.00,441.00,50.20,903.8,46.30
2026-08-11 07:15,1420.00,1510.00,438.00,50.20,916.1,46.30
2026-08-11 07:30,1420.00,1510.00,438.00,50.20,916.1,46.30
2026-08-11 07:45,1420.00,1500.00,438.00,50.20,906.8,46.30
2026-08-11 08:00,1420.00,1500.00,438.00,50.20,906.8,46.30
2026-08-11 08:15,1420.00,1500.00,438.00,50.20,906.8,46.30
2026-08-11 08:30,1420.00,1510.00,438.00,50.20,916.1,46.30
2026-08-11 08:45,1420.00,1510.00,441.00,50.20,913.1,46.30
2026-08-11 09:00,1420.00,1510.00,438.00,50.20,916.1,46.30
2026-08-11 09:15,1420.00,1510.00,438.00,50.20,916.1,46.30
2026-08-11 09:30,1420.00,1500.00,438.00,50.20,906.8,46.30
2026-08-11 09:45,1420.00,1510.00,438.00,50.20,916.1,46.30
2026-08-11 10:00,1420.00,1520.00,438.00,50.20,925.4,46.30
2026-08-11 10:15,1420.00,1510.00,441.00,50.20,913.1,46.30
2026-08-11 10:30,1420.00,1510.00,438.00,50.20,916.1,46.30
2026-08-11 10:45,1420.00,1510.00,441.00,50.20,913.1,46.30
2026-08-11 11:00,1420.00,1520.00,438.00,50.20,925.4,46.30
2026-08-11 11:15,1420.00,1520.00,441.00,50.20,922.4,46.30
2026-08-11 11:30,1420.00,1520.00,438.00,50.20,925.4,46.30
2026-08-11 11:45,1420.00,1520.00,438.00,50.20,925.4,46.30
2026-08-11 12:00,1420.00,1510.00,441.00,50.20,913.1,46.30
2026-08-11 12:15,1420.00,1510.00,438.00,50.20,916.1,46.30
2026-08-11 12:30,1420.00,1510.00,441.00,50.20,913.1,46.30
2026-08-11 12:45,1420.00,1510.00,441.00,50.20,913.1,46.30
2026-08-11 13:00,1420.00,1510.00,438.00,50.20,916.1,46.30
2026-08-11 13:15,1420.00,1510.00,438.00,50.20,916.1,46.30
2026-08-11 13:30,1420.00,1500.00,438.00,50.20,906.8,46.30
2026-08-11 13:45,1420.00,1510.00,438.00,50.20,916.1,46.30
2026-08-11 14:00,1420.00,1510.00,438.00,50.20,916.1,46.30
2026-08-11 14:15,1420.00,1510.00,438.00,50.20,916.1,46.90
2026-08-11 14:30,1420.00,1510.00,438.00,50.20,916.1,46.30
2026-08-11 14:45,1420.00,1510.00,441.00,50.20,913.1,46.30
2026-08-11 15:00,1420.00,1510.00,441.00,50.20,913.1,46.30
2026-08-11 15:15,1420.00,1510.00,441.00,50.20,913.1,46.30
2026-08-11 15:30,1420.00,1510.00,441.00,50.20,913.1,46.30
2026-08-11 15:45,1430.00,1510.00,441.00,50.20,913.1,46.30
2026-08-11 16:00,1420.00,1510.00,441.00,50.20,913.1,46.30
2026-08-11 16:15,1430.00,1510.00,441.00,50.20,913.1,46.30
2026-08-11 16:30,1420.00,1510.00,441.00,50.20,913.1,46.30
2026-08-11 16:45,1420.00,1510.00,441.00,50.20,913.1,46.30
2026-08-11 17:00,1420.00,1510.00,441.00,50.20,913.1,46.30
2026-08-11 17:15,1420.00,1500.00,441.00,50.20,903.8,46.30
2026-08-11 17:30,1430.00,1500.00,438.00,50.20,906.8,46.30
2026-08-11 17:45,1420.00,1510.00,444.00,50.20,910.1,46.30
2026-08-11 18:00,1430.00,1510.00,441.00,50.20,913.1,46.30
2026-08-11 18:15,1430.00,1510.00,441.00,50.20,913.1,46.30
2026-08-11 18:30,1430.00,1510.00,441.00,50.20,913.1,46.30
2026-08-11 18:45,1420.00,1500.00,441.00,50.20,903.8,46.30
2026-08-11 19:00,1430.00,1510.00,441.00,50.20,913.1,46.30
2026-08-11 19:15,1420.00,1500.00,441.00,50.20,903.8,46.30
2026-08-11 19:30,1420.00,1510.00,441.00,50.20,913.1,46.30
2026-08-11 19:45,1430.00,1500.00,441.00,50.20,903.8,46.30
2026-08-11 20:00,1420.00,1510.00,441.00,50.20,913.1,46.30
2026-08-11 20:15,1430.00,1500.00,441.00,50.20,903.8,46.30
2026-08-11 20:30,1430.00,1500.00,441.00,50.20,903.8,46.30
2026-08-11 20:45,1420.00,1510.00,441.00,50.20,913.1,46.30
2026-08-11 21:00,1430.00,1500.00,441.00,50.20,903.8,46.30
2026-08-11 21:15,1420.00,1500.00,441.00,50.20,903.8,46.30
2026-08-11 21:30,1430.00,1510.00,441.00,50.20,913.1,46.30
2026-08-11 21:45,1420.00,1500.00,444.00,50.20,900.8,46.30
2026-08-11 22:00,1420.00,1500.00,441.00,50.20,903.8,46.30
2026-08-11 22:15,1430.00,1500.00,438.00,50.20,906.8,46.30
2026-08-11 22:30,1430.00,1500.00,441.00,50.20,903.8,46.30
